name,sector,founded,team_size,url
AARUM,edtech,,,https://www.bangalorestartupmap.com/company/aarum
ABB India,deeptech,,500+,https://www.bangalorestartupmap.com/company/abb-india
Accel India,s saas deeptech fintech ai consumer healthtech d2c edtech logistics gaming,,,https://www.bangalorestartupmap.com/company/accel-india
Acceldata,3.,2018,201-500,https://www.bangalorestartupmap.com/company/acceldata
Accenture India,datacenter) other unspecified ♡ apply ↗,,500+,https://www.bangalorestartupmap.com/company/accenture-india
Actyv.ai,fintech,2019,,https://www.bangalorestartupmap.com/company/actyv-ai
Acviss Technologies,saas,2016,,https://www.bangalorestartupmap.com/company/acviss
Addverb Technologies,deeptech,,500+,https://www.bangalorestartupmap.com/company/addverb-technologies
Adobe Systems India,saas,1998,500+,https://www.bangalorestartupmap.com/company/adobe-systems-india
Adopt AI,ai,by the ex-slintel team.,11-50,https://www.bangalorestartupmap.com/company/adopt-ai
AdSocial.ai,2.,,,https://www.bangalorestartupmap.com/company/adsocial-ai
AEOS,ai,2022,500+,https://www.bangalorestartupmap.com/company/aeos
Aerchain,saas,2020,51-200,https://www.bangalorestartupmap.com/company/aerchain
Aereo,deeptech,2013,,https://www.bangalorestartupmap.com/company/aereo
Aetos Innovation Labs,3.,2025,1-10,https://www.bangalorestartupmap.com/company/aetos-innovation-labs
Aforro,consumer,,,https://www.bangalorestartupmap.com/company/aforro
Agilent Technologies India,healthtech,,500+,https://www.bangalorestartupmap.com/company/agilent-technologies-india
AgWise,deeptech,2017,,https://www.bangalorestartupmap.com/company/agwise
Aindra Systems,healthtech,2012,11-50,https://www.bangalorestartupmap.com/company/aindra-systems
Airbound,deeptech,,,https://www.bangalorestartupmap.com/company/airbound
Airbus India,deeptech,,500+,https://www.bangalorestartupmap.com/company/airbus-india
Airmeet,saas,2019,51-200,https://www.bangalorestartupmap.com/company/airmeet
Airtribe,1.,2021,51-200,https://www.bangalorestartupmap.com/company/airtribe
Aisle,consumer,2014,,https://www.bangalorestartupmap.com/company/aisle
Akamai Technologies India,saas,2005,500+,https://www.bangalorestartupmap.com/company/akamai-technologies-india
Akshayakalpa Organic,d2c,2010,500+,https://www.bangalorestartupmap.com/company/akshayakalpa-organic
Algen AI,ai,,,https://www.bangalorestartupmap.com/company/algen-ai
Allegion India,deeptech,2013,201-500,https://www.bangalorestartupmap.com/company/allegion-india
Allo Health,healthtech,2022,201-500,https://www.bangalorestartupmap.com/company/allo-health
AlmaBetter,edtech,2020,,https://www.bangalorestartupmap.com/company/almabetter
Alpha Wave Global,s saas deeptech fintech ai consumer healthtech d2c edtech logistics gaming,,,https://www.bangalorestartupmap.com/company/alpha-wave-global
Alpify Technologies,other,,,https://www.bangalorestartupmap.com/company/alpify-technologies
Alt Carbon,deeptech,2023,11-50,https://www.bangalorestartupmap.com/company/alt-carbon
ALTEN Calsoft Labs,other,,500+,https://www.bangalorestartupmap.com/company/alten-calsoft-labs
Altigreen,deeptech,2013,201-500,https://www.bangalorestartupmap.com/company/altigreen
AltM,deeptech,,,https://www.bangalorestartupmap.com/company/altm
Amagi,saas,2008,500+,https://www.bangalorestartupmap.com/company/amagi
Amazon Development Centre India,saas,,500+,https://www.bangalorestartupmap.com/company/amazon-development-centre-india
Ambitio,edtech,2022,51-200,https://www.bangalorestartupmap.com/company/ambitio
AMD India,deeptech,,500+,https://www.bangalorestartupmap.com/company/amd-india
Analog Devices India,deeptech,,500+,https://www.bangalorestartupmap.com/company/analog-devices-india
Analytic Edge,ai,2012,201-500,https://www.bangalorestartupmap.com/company/analytic-edge
Anand Sweets,d2c,,,https://www.bangalorestartupmap.com/company/anand-sweets
Anapan AI,ai,,,https://www.bangalorestartupmap.com/company/anapan-ai
Anicut Capital,s saas deeptech fintech ai consumer healthtech d2c edtech logistics gaming,,,https://www.bangalorestartupmap.com/company/anicut-capital
Ankur Capital,s saas deeptech fintech ai consumer healthtech d2c edtech logistics gaming,,,https://www.bangalorestartupmap.com/company/ankur-capital
ANSCER Robotics,deeptech,2020,51-200,https://www.bangalorestartupmap.com/company/anscer-robotics
Anthem Biosciences,healthtech,,500+,https://www.bangalorestartupmap.com/company/anthem-biosciences
Anthriq,deeptech,2020,11-50,https://www.bangalorestartupmap.com/company/anthriq
AntiNorm,d2c,2024,1-10,https://www.bangalorestartupmap.com/company/antinorm
Antler India,s saas deeptech fintech ai consumer healthtech d2c edtech logistics gaming,,,https://www.bangalorestartupmap.com/company/antler-india
Apeiron Mobility,deeptech,,,https://www.bangalorestartupmap.com/company/apeiron-mobility
APIwiz,saas,,,https://www.bangalorestartupmap.com/company/apiwiz
Apna,consumer,2019,,https://www.bangalorestartupmap.com/company/apna
Appknox,saas,2014,51-200,https://www.bangalorestartupmap.com/company/appknox
Applied Materials India,deeptech,,500+,https://www.bangalorestartupmap.com/company/applied-materials-india
AppsForBharat,consumer,2020,,https://www.bangalorestartupmap.com/company/appsforbharat
Aprisio,consumer,,,https://www.bangalorestartupmap.com/company/aprisio
APSIDE,"2 — community submission, location verified on google maps.",,,https://www.bangalorestartupmap.com/company/apside
Aragen Life Sciences,healthtech,,500+,https://www.bangalorestartupmap.com/company/aragen-life-sciences
Arali Ventures,2,,,https://www.bangalorestartupmap.com/company/arali-ventures
Arata,d2c,2018,,https://www.bangalorestartupmap.com/company/arata
Arkahub,", hsr layout, bengaluru, karnataka 560102.",2022,11-50,https://www.bangalorestartupmap.com/company/arkahub
Arkam Ventures,s saas deeptech fintech ai consumer healthtech d2c edtech logistics gaming,,,https://www.bangalorestartupmap.com/company/arkam-ventures
Arm India,deeptech,,500+,https://www.bangalorestartupmap.com/company/arm-india
Armatrix,deeptech,,,https://www.bangalorestartupmap.com/company/armatrix
Aroleap,consumer,,,https://www.bangalorestartupmap.com/company/aroleap
Arrowhead,ai,2022,11-50,https://www.bangalorestartupmap.com/company/arrowhead
Artelus,7.,2015,11-50,https://www.bangalorestartupmap.com/company/artelus
Artigo Collective,consumer,,,https://www.bangalorestartupmap.com/company/artigo-collective
Artivatic,ai,2017,11-50,https://www.bangalorestartupmap.com/company/artivatic
Aryaka,saas,2009,500+,https://www.bangalorestartupmap.com/company/aryaka
Arzooo,2; assets acquired in a distressed sale in 2024.,2016,201-500,https://www.bangalorestartupmap.com/company/arzooo
Ashva Cognitive Systems,saas,,,https://www.bangalorestartupmap.com/company/ashva-cognitive-systems
Aspora,fintech,2022,201-500,https://www.bangalorestartupmap.com/company/aspora
AstraZeneca India,healthtech,,500+,https://www.bangalorestartupmap.com/company/astrazeneca-india
Astrobase Space,deeptech,,11-50,https://www.bangalorestartupmap.com/company/astrobase-space
Astrobase Space Technologies,deeptech,by ex-isro scientists developing reusable launch systems powered by indigenous lox-methane staged-combustion rocket engines.,1-10,https://www.bangalorestartupmap.com/company/astrobase-space-technologies
Astrogate Labs,deeptech,2017,11-50,https://www.bangalorestartupmap.com/company/astrogate-labs
Astrome Technologies,deeptech,2015,,https://www.bangalorestartupmap.com/company/astrome-technologies
Aten Porus Lifesciences,deeptech,2015,11-50,https://www.bangalorestartupmap.com/company/aten-porus-lifesciences
Ather Energy,deeptech,2013,500+,https://www.bangalorestartupmap.com/company/ather-energy
Athera Venture Partners,s saas deeptech fintech ai consumer healthtech d2c edtech logistics gaming,,,https://www.bangalorestartupmap.com/company/athera-venture-partners
Ati Motors,deeptech,2017,,https://www.bangalorestartupmap.com/company/ati-motors
Atlan,saas,", globally distributed.",201-500,https://www.bangalorestartupmap.com/company/atlan
Atoa Payments,fintech,,,https://www.bangalorestartupmap.com/company/atoa-payments
Atomicwork,saas,2022,,https://www.bangalorestartupmap.com/company/atomicwork
Attero,deeptech,2008,201-500,https://www.bangalorestartupmap.com/company/attero
August AI,ai,2022,11-50,https://www.bangalorestartupmap.com/company/august-ai
Aurigene,deeptech,2001,500+,https://www.bangalorestartupmap.com/company/aurigene
Aurum Brewworks,consumer,2017,11-50,https://www.bangalorestartupmap.com/company/aurum-brewworks
AutoSmart Technology,saas,,,https://www.bangalorestartupmap.com/company/autosmart-technology
Avataar Venture Partners,s saas deeptech fintech ai consumer healthtech d2c edtech logistics gaming,,,https://www.bangalorestartupmap.com/company/avataar-venture-partners
Avataar.ai,ai,2016,51-200,https://www.bangalorestartupmap.com/company/avataar-ai
Awign,saas,2016,201-500,https://www.bangalorestartupmap.com/company/awign
Axilor Ventures,s saas deeptech fintech ai consumer healthtech d2c edtech logistics gaming,"by infosys co-founders kris gopalakrishnan and s. d. shibulal, axilor is a bengaluru early-stage investor and accelerator backing seed and pre-series a startups across enterprise tech, deep tech, healthcare and climate.",,https://www.bangalorestartupmap.com/company/axilor-ventures
Ayu Health,healthtech,2019,201-500,https://www.bangalorestartupmap.com/company/ayu-health
B2Bangalore,saas,,,https://www.bangalorestartupmap.com/company/b2bangalore
Bambrew,1.,2018,,https://www.bangalorestartupmap.com/company/bambrew
BankBazaar,fintech,2008,500+,https://www.bangalorestartupmap.com/company/bankbazaar
Bare Necessities,4.,2016,,https://www.bangalorestartupmap.com/company/bare-necessities
Basil,d2c,2023,11-50,https://www.bangalorestartupmap.com/company/basil
BCD Travel India,other,,500+,https://www.bangalorestartupmap.com/company/bcd-travel-india
Bellatrix Aerospace,deeptech,2015,51-200,https://www.bangalorestartupmap.com/company/bellatrix-aerospace
Belong,fintech,2023,11-50,https://www.bangalorestartupmap.com/company/belong
Bessemer Venture Partners India,s saas deeptech fintech ai consumer healthtech d2c edtech logistics gaming,,,https://www.bangalorestartupmap.com/company/bessemer-venture-partners-india
Betterhalf,consumer,2019,,https://www.bangalorestartupmap.com/company/betterhalf
BetterPlace,saas,2015,500+,https://www.bangalorestartupmap.com/company/betterplace
Beyond Appliances,consumer,2024,11-50,https://www.bangalorestartupmap.com/company/beyond-appliances
Beyond Next Ventures,s saas deeptech fintech ai consumer healthtech d2c edtech logistics gaming,"venture firm whose india arm is bengaluru-based, backing pre-seed to series a deep-tech and deep-science startups from lab stage onward.",,https://www.bangalorestartupmap.com/company/beyond-next-ventures
Bhanzu,1.,by mental-math world-record holder neelakantha bhanu prakash. based in hsr layout sector 1.,201-500,https://www.bangalorestartupmap.com/company/bhanzu
Bharat Intelligence,other,,,https://www.bangalorestartupmap.com/company/bharat-intelligence
BharatX,", hsr layout, bengaluru, karnataka 560102.",,11-50,https://www.bangalorestartupmap.com/company/bharatx
BHIVE Workspace,6.,2014,51-200,https://www.bangalorestartupmap.com/company/bhive-workspace
Bidso,"2 — community submission, location verified on google maps.",,,https://www.bangalorestartupmap.com/company/bidso
BigEndian,deeptech,2024.,11-50,https://www.bangalorestartupmap.com/company/bigendian
BimaKavach,fintech,,,https://www.bangalorestartupmap.com/company/bimakavach
Bimaplan,3.,2020,11-50,https://www.bangalorestartupmap.com/company/bimaplan
Bindbee,saas,,,https://www.bangalorestartupmap.com/company/bindbee
Biocon,healthtech,1978,500+,https://www.bangalorestartupmap.com/company/biocon
Bione,healthtech,2018,11-50,https://www.bangalorestartupmap.com/company/bione
Biopeak,healthtech,2024,11-50,https://www.bangalorestartupmap.com/company/biopeak
Bizom,2.,2007,201-500,https://www.bangalorestartupmap.com/company/bizom
Black Mass Energies,deeptech,,,https://www.bangalorestartupmap.com/company/black-mass-energies
BlackBuck,logistics,2015,500+,https://www.bangalorestartupmap.com/company/blackbuck
BlissClub,d2c,2020,51-200,https://www.bangalorestartupmap.com/company/blissclub
Blitz,7.,2020,51-200,https://www.bangalorestartupmap.com/company/blitz
Blowhorn,logistics,2014,201-500,https://www.bangalorestartupmap.com/company/blowhorn
BlueStone,d2c,2011,500+,https://www.bangalorestartupmap.com/company/bluestone
Blume Ventures,s saas deeptech fintech ai consumer healthtech d2c edtech logistics gaming,"in 2011, backing tech founders across saas, fintech, consumer internet, deep/emerging tech and evs. portfolio includes unacademy, purplle, slice and exotel.",,https://www.bangalorestartupmap.com/company/blume-ventures
Boba Bhai,consumer,"in hsr layout, it raised a series a led by 8i ventures in early 2025.",11-50,https://www.bangalorestartupmap.com/company/boba-bhai
Boeing India,deeptech,,500+,https://www.bangalorestartupmap.com/company/boeing-india
Bolna,ai,2024,11-50,https://www.bangalorestartupmap.com/company/bolna
Bolt IoT,deeptech,2013,11-50,https://www.bangalorestartupmap.com/company/bolt-iot
Bolt.Earth,2.,2017,,https://www.bangalorestartupmap.com/company/bolt-earth
Bombay Play,gaming,2018,11-50,https://www.bangalorestartupmap.com/company/bombay-play
Bonatra,1.,2022,11-50,https://www.bangalorestartupmap.com/company/bonatra
Bonito Designs,consumer,2012,201-500,https://www.bangalorestartupmap.com/company/bonito-designs
Booking Holdings India,consumer,,500+,https://www.bangalorestartupmap.com/company/booking-holdings-india
Bosch Global Software Technologies,deeptech,1997,500+,https://www.bangalorestartupmap.com/company/bosch-global-software-technologies
Botsync,deeptech,,,https://www.bangalorestartupmap.com/company/botsync
Bounce,consumer,2014,201-500,https://www.bangalorestartupmap.com/company/bounce
BrainBack,ai,,,https://www.bangalorestartupmap.com/company/brainback
BrainSightAI,1.,2019,,https://www.bangalorestartupmap.com/company/brainsightai
BrightChamps,1.,2020,500+,https://www.bangalorestartupmap.com/company/brightchamps
Broadcom India,deeptech,,500+,https://www.bangalorestartupmap.com/company/broadcom-india
Bugworks Research,healthtech,2014,,https://www.bangalorestartupmap.com/company/bugworks-research
Bullwork Mobility,deeptech,2021,51-200,https://www.bangalorestartupmap.com/company/bullwork-mobility
Bummer,d2c,2020,,https://www.bangalorestartupmap.com/company/bummer
Bureau,fintech,"in 2020 with major operations in bengaluru, it raised a $30m series b led by sorenson capital.",51-200,https://www.bangalorestartupmap.com/company/bureau
Buyhatke,3.,2012,11-50,https://www.bangalorestartupmap.com/company/buyhatke
Buzzlab,other,,,https://www.bangalorestartupmap.com/company/buzzlab
BYJU'S,edtech,2011,500+,https://www.bangalorestartupmap.com/company/byju-s
Bytebeam,deeptech,,,https://www.bangalorestartupmap.com/company/bytebeam
Byteception,other,,,https://www.bangalorestartupmap.com/company/byteception
C2i Semiconductors,deeptech,2024,11-50,https://www.bangalorestartupmap.com/company/c2i-semiconductors
Cactus Venture Partners,s saas deeptech fintech ai consumer healthtech d2c edtech logistics gaming,,,https://www.bangalorestartupmap.com/company/cactus-venture-partners
Cadence Design Systems India,deeptech,,500+,https://www.bangalorestartupmap.com/company/cadence-design-systems-india
Cambrian Bioworks,healthtech,2020,11-50,https://www.bangalorestartupmap.com/company/cambrian-bioworks
Campus Fund,s saas deeptech fintech ai consumer healthtech d2c edtech logistics gaming,"by current students, recent graduates and dropouts across deep tech, space tech and climate.",,https://www.bangalorestartupmap.com/company/campus-fund
Capgemini India,other,2001,500+,https://www.bangalorestartupmap.com/company/capgemini-india
Capillary Technologies,saas,2012,500+,https://www.bangalorestartupmap.com/company/capillary-technologies
Capria Ventures,s saas deeptech fintech ai consumer healthtech d2c edtech logistics gaming,,,https://www.bangalorestartupmap.com/company/capria-ventures
Captain Fresh,logistics,2019,201-500,https://www.bangalorestartupmap.com/company/captain-fresh
Carbon Masters,other,2012,11-50,https://www.bangalorestartupmap.com/company/carbon-masters
Cardiac Design Labs,healthtech,2011,11-50,https://www.bangalorestartupmap.com/company/cardiac-design-labs
Cardiotrack,healthtech,2015,11-50,https://www.bangalorestartupmap.com/company/cardiotrack
CashBook,fintech,,,https://www.bangalorestartupmap.com/company/cashbook
Cashfree Payments,fintech,2015,500+,https://www.bangalorestartupmap.com/company/cashfree-payments
Catamaran Ventures,s saas deeptech fintech ai consumer healthtech d2c edtech logistics gaming,,,https://www.bangalorestartupmap.com/company/catamaran-ventures
Cell Propulsion,other,by former isro engineers that builds and deploys electric commercial vehicles (elcvs and ehcvs) as an integrated solution.,11-50,https://www.bangalorestartupmap.com/company/cell-propulsion
Centricity,fintech,,51-200,https://www.bangalorestartupmap.com/company/centricity
Chai Point,1.,2010,500+,https://www.bangalorestartupmap.com/company/chai-point
Chalo,consumer,2014,201-500,https://www.bangalorestartupmap.com/company/chalo
Chara Technologies,1.,2019,,https://www.bangalorestartupmap.com/company/chara-technologies
Chargebee,saas,2011,500+,https://www.bangalorestartupmap.com/company/chargebee
ChartMath,fintech,,,https://www.bangalorestartupmap.com/company/chartmath
Chingari,consumer,2018,,https://www.bangalorestartupmap.com/company/chingari
Chipspirit Technologies,deeptech,2018,,https://www.bangalorestartupmap.com/company/chipspirit-technologies
Chiratae Ventures,s saas deeptech fintech ai consumer healthtech d2c edtech logistics gaming,,,https://www.bangalorestartupmap.com/company/chiratae-ventures
CHK,d2c,2024,11-50,https://www.bangalorestartupmap.com/company/chk
ChromoPIC Sensing,deeptech,,,https://www.bangalorestartupmap.com/company/chromopic-sensing
Chumbak,d2c,2010,201-500,https://www.bangalorestartupmap.com/company/chumbak
Cisco India,deeptech,1995,500+,https://www.bangalorestartupmap.com/company/cisco-india
Clarisights,saas,2018,51-200,https://www.bangalorestartupmap.com/company/clarisights
ClearFeed,"2 — community submission, location verified on google maps.",,,https://www.bangalorestartupmap.com/company/clearfeed
ClearTax,fintech,2011,500+,https://www.bangalorestartupmap.com/company/cleartax
CleverTap,saas,2013,500+,https://www.bangalorestartupmap.com/company/clevertap
Clevrr AI,ai,,,https://www.bangalorestartupmap.com/company/clevrr-ai
ClickPost,logistics,2017,51-200,https://www.bangalorestartupmap.com/company/clickpost
Clientell,saas,2021,11-50,https://www.bangalorestartupmap.com/company/clientell
Clinikk,healthtech,2019,,https://www.bangalorestartupmap.com/company/clinikk
Clootrack,ai,2017,,https://www.bangalorestartupmap.com/company/clootrack
Cloudphysician,healthtech,2017,201-500,https://www.bangalorestartupmap.com/company/cloudphysician
CloudSEK,deeptech,,,https://www.bangalorestartupmap.com/company/cloudsek
CloudZen,saas,,,https://www.bangalorestartupmap.com/company/cloudzen
Clueso,ai,2023,11-50,https://www.bangalorestartupmap.com/company/clueso
CMDK,saas,,,https://www.bangalorestartupmap.com/company/cmdk
Codemonk,other,,,https://www.bangalorestartupmap.com/company/codemonk
Codeyoung,edtech,2019,,https://www.bangalorestartupmap.com/company/codeyoung
Codingal,edtech,by ex-hackerearth team members.,,https://www.bangalorestartupmap.com/company/codingal
Cognizant (Bellandur),other,1994,500+,https://www.bangalorestartupmap.com/company/cognizant-bellandur
CoinSwitch,fintech,2017,,https://www.bangalorestartupmap.com/company/coinswitch
Colive,consumer,2016,201-500,https://www.bangalorestartupmap.com/company/colive
Collins Aerospace India,deeptech,,500+,https://www.bangalorestartupmap.com/company/collins-aerospace-india
Composio,ai,2023,51-200,https://www.bangalorestartupmap.com/company/composio
CompUp,saas,2020,11-50,https://www.bangalorestartupmap.com/company/compup
Connect and Heal,"4, bengaluru.",2016,,https://www.bangalorestartupmap.com/company/connect-and-heal
Conscious Engines,ai,,,https://www.bangalorestartupmap.com/company/conscious-engines
Consuma,ai,,,https://www.bangalorestartupmap.com/company/consuma
Contineu,deeptech,,,https://www.bangalorestartupmap.com/company/contineu
Contlo,ai,2021,11-50,https://www.bangalorestartupmap.com/company/contlo
Control One,deeptech,,11-50,https://www.bangalorestartupmap.com/company/control-one
Convin.ai,ai,2020,,https://www.bangalorestartupmap.com/company/convin-ai
CoRover,ai,2016,51-200,https://www.bangalorestartupmap.com/company/corover
CoRover.ai,ai,2016,51-200,https://www.bangalorestartupmap.com/company/coroverai
CORS Lab,deeptech,2025,1-10,https://www.bangalorestartupmap.com/company/cors-lab
Country Delight,d2c,2015,500+,https://www.bangalorestartupmap.com/company/country-delight
Coupl Money,fintech,,,https://www.bangalorestartupmap.com/company/coupl-money
CraftifAI,deeptech,2025,1-10,https://www.bangalorestartupmap.com/company/craftifai
CreatoMojo,saas,2018,1-10,https://www.bangalorestartupmap.com/company/creatomojo
CRED,fintech,2018,500+,https://www.bangalorestartupmap.com/company/cred
CredMatrix,fintech,,,https://www.bangalorestartupmap.com/company/credmatrix
Creo IT,other,2010,51-200,https://www.bangalorestartupmap.com/company/creo-it
Cropin,ai,2010,201-500,https://www.bangalorestartupmap.com/company/cropin
Ctruh,7.,2022,,https://www.bangalorestartupmap.com/company/ctruh
Cuemath,edtech,2013,500+,https://www.bangalorestartupmap.com/company/cuemath
Cult.fit,healthtech,"by myntra alumni, its early hq was on hsr layout's 'unicorn street'.",500+,https://www.bangalorestartupmap.com/company/cult-fit
Cumulations Technologies,other,2013,51-200,https://www.bangalorestartupmap.com/company/cumulations-technologies
Cure by Design,consumer,2020,11-50,https://www.bangalorestartupmap.com/company/cure-by-design
Cure.fit,consumer,2016,500+,https://www.bangalorestartupmap.com/company/cure-fit
Curefoods,consumer,2020,500+,https://www.bangalorestartupmap.com/company/curefoods
CureSkin,d2c,2017,51-200,https://www.bangalorestartupmap.com/company/cureskin
Curie Money,fintech,2022,1-10,https://www.bangalorestartupmap.com/company/curie-money
CynLr,deeptech,2019,,https://www.bangalorestartupmap.com/company/cynlr
Cyware,saas,2016,201-500,https://www.bangalorestartupmap.com/company/cyware
Dailyhunt,consumer,2007,500+,https://www.bangalorestartupmap.com/company/dailyhunt
DailyRounds,edtech,2014,,https://www.bangalorestartupmap.com/company/dailyrounds
DaMENSCH,d2c,2018,51-200,https://www.bangalorestartupmap.com/company/damensch
Danaher India,healthtech,,500+,https://www.bangalorestartupmap.com/company/danaher-india
Darwinbox,saas,2015,500+,https://www.bangalorestartupmap.com/company/darwinbox
Dashtoon,ai,2023,,https://www.bangalorestartupmap.com/company/dashtoon
Dashverse,consumer,2023,51-200,https://www.bangalorestartupmap.com/company/dashverse
Datazip,saas,2022,11-50,https://www.bangalorestartupmap.com/company/datazip
DealShare,consumer,2018,,https://www.bangalorestartupmap.com/company/dealshare
Decentro,fintech,2020,51-200,https://www.bangalorestartupmap.com/company/decentro
Deep Rooted,d2c,,201-500,https://www.bangalorestartupmap.com/company/deep-rooted
Deepwork Labs,ai,2025.,,https://www.bangalorestartupmap.com/company/deepwork-labs
DeHaat,logistics,2012,500+,https://www.bangalorestartupmap.com/company/dehaat
Delhivery,logistics,2011,500+,https://www.bangalorestartupmap.com/company/delhivery
Dell Technologies India,deeptech,,500+,https://www.bangalorestartupmap.com/company/dell-technologies-india
DevRev,ai,by nutanix's dheeraj pandey; bengaluru + us.,201-500,https://www.bangalorestartupmap.com/company/devrev
Dexter Ventures,s saas deeptech fintech ai consumer healthtech d2c edtech logistics gaming,,,https://www.bangalorestartupmap.com/company/dexter-ventures
Dezerv,fintech,2021,201-500,https://www.bangalorestartupmap.com/company/dezerv
DialNexa,ai,,,https://www.bangalorestartupmap.com/company/dialnexa
Digantara,deeptech,2018,51-200,https://www.bangalorestartupmap.com/company/digantara
Dil Foods,consumer,,,https://www.bangalorestartupmap.com/company/dil-foods
Diorama AI,1.,,,https://www.bangalorestartupmap.com/company/diorama-ai
Disha AI,edtech,"by former microsoft research researchers. registered in binnamangala, indiranagar.",1-10,https://www.bangalorestartupmap.com/company/disha-ai
Dobra,d2c,2022,1-10,https://www.bangalorestartupmap.com/company/dobra
Docket,"3 — community submission, location verified on google maps.",,,https://www.bangalorestartupmap.com/company/docket
DocsApp,healthtech,2015,51-200,https://www.bangalorestartupmap.com/company/docsapp
Doctor Droid,4.,2022,1-10,https://www.bangalorestartupmap.com/company/doctor-droid
Dognosis,healthtech,2023,11-50,https://www.bangalorestartupmap.com/company/dognosis
DoSelect,edtech,2015,11-50,https://www.bangalorestartupmap.com/company/doselect
Dozee,healthtech,2015,51-200,https://www.bangalorestartupmap.com/company/dozee
Dr. Doodley,healthtech,2023,,https://www.bangalorestartupmap.com/company/dr-doodley
Drickle,consumer,2020,11-50,https://www.bangalorestartupmap.com/company/drickle
DrinkPrime,3.,2016,201-500,https://www.bangalorestartupmap.com/company/drinkprime
DriveU,consumer,,,https://www.bangalorestartupmap.com/company/driveu
Drizz,4.,2024,,https://www.bangalorestartupmap.com/company/drizz
Drools,d2c,2010,500+,https://www.bangalorestartupmap.com/company/drools
Dukaan,2.,2020,51-200,https://www.bangalorestartupmap.com/company/dukaan
Dunzo,logistics,2014,,https://www.bangalorestartupmap.com/company/dunzo
Duroflex,d2c,1964,500+,https://www.bangalorestartupmap.com/company/duroflex
E3 Electric,other,2024.,11-50,https://www.bangalorestartupmap.com/company/e3-electric
Easebuzz,fintech,2016,201-500,https://www.bangalorestartupmap.com/company/easebuzz
EasyEcom,saas,,,https://www.bangalorestartupmap.com/company/easyecom
Edify Club,consumer,,,https://www.bangalorestartupmap.com/company/edify-club
Eight Roads Ventures India,s saas deeptech fintech ai consumer healthtech d2c edtech logistics gaming,,,https://www.bangalorestartupmap.com/company/eight-roads-ventures-india
Eightfold,saas,,,https://www.bangalorestartupmap.com/company/eightfold
ElasticRun,logistics,2016,500+,https://www.bangalorestartupmap.com/company/elasticrun
Elda Health,healthtech,2021,,https://www.bangalorestartupmap.com/company/elda-health
Electric Sheep Supply Co,consumer,,,https://www.bangalorestartupmap.com/company/electric-sheep-supply-co
ElectricPe,1.,2021,,https://www.bangalorestartupmap.com/company/electricpe
Elevar Equity,s saas deeptech fintech ai consumer healthtech d2c edtech logistics gaming,,,https://www.bangalorestartupmap.com/company/elevar-equity
Elevation Capital,s saas deeptech fintech ai consumer healthtech d2c edtech logistics gaming,,,https://www.bangalorestartupmap.com/company/elevation-capital
Elever,fintech,2021,11-50,https://www.bangalorestartupmap.com/company/elever
eLitmus,5.,2005,51-200,https://www.bangalorestartupmap.com/company/elitmus
Eloelo,2.,2020,201-500,https://www.bangalorestartupmap.com/company/eloelo
ELVN-ELVN,d2c,2024,1-10,https://www.bangalorestartupmap.com/company/elvn-elvn
Emergent,ai,2024,51-200,https://www.bangalorestartupmap.com/company/emergent
Emerson India,deeptech,,500+,https://www.bangalorestartupmap.com/company/emerson-india
Emflux Motors,deeptech,,11-50,https://www.bangalorestartupmap.com/company/emflux-motors
Emids,healthtech,,,https://www.bangalorestartupmap.com/company/emids
EMO Energy,deeptech,2022,11-50,https://www.bangalorestartupmap.com/company/emo-energy
Emobi,deeptech,2021,51-200,https://www.bangalorestartupmap.com/company/emobi
Emversity,edtech,"by former unacademy coo vivek sinha, partnering with universities and employers to deliver industry-integrated training in fields such as healthcare and hospitality.",51-200,https://www.bangalorestartupmap.com/company/emversity
Enfin Technologies,saas,2009,51-200,https://www.bangalorestartupmap.com/company/enfin-technologies
Entropik,ai,2016,51-200,https://www.bangalorestartupmap.com/company/entropik
eonik,saas,,,https://www.bangalorestartupmap.com/company/eonik
Epic Slope Partners,other,,,https://www.bangalorestartupmap.com/company/epic-slope-partners
Epik,consumer,,11-50,https://www.bangalorestartupmap.com/company/epik
Escape Plan,consumer,,,https://www.bangalorestartupmap.com/company/escape-plan
Eternz,"3, hsr layout, bengaluru, karnataka 560102.",,11-50,https://www.bangalorestartupmap.com/company/eternz
Ethereal Machines,deeptech,2014,,https://www.bangalorestartupmap.com/company/ethereal-machines
EtherealX,deeptech,"by former isro engineers developing razor crest mk-1, a fully reusable medium-lift rocket, plus its own reusable engines.",11-50,https://www.bangalorestartupmap.com/company/etherealx
ETO Motors,logistics,2011,51-200,https://www.bangalorestartupmap.com/company/eto-motors
Eurofins Advinus,healthtech,,500+,https://www.bangalorestartupmap.com/company/eurofins-advinus
Evam Labs,6.,2024,11-50,https://www.bangalorestartupmap.com/company/evam-labs
Even Healthcare,6.,2020,51-200,https://www.bangalorestartupmap.com/company/even-healthcare
Exdera,1.,2017,11-50,https://www.bangalorestartupmap.com/company/exdera
Exfinity Ventures,s saas deeptech fintech ai consumer healthtech d2c edtech logistics gaming,"2014) investing in early-stage b2b technology startups across saas, deeptech, enterprise tech, evs and fintech.",,https://www.bangalorestartupmap.com/company/exfinity-ventures
Exotel,saas,2011,201-500,https://www.bangalorestartupmap.com/company/exotel
Expedia Group India,consumer,,500+,https://www.bangalorestartupmap.com/company/expedia-group-india
Exponent Energy,4.,2020,,https://www.bangalorestartupmap.com/company/exponent-energy
eyecandy robotics,6.,2026,1-10,https://www.bangalorestartupmap.com/company/eyecandy-robotics
Eyestem,healthtech,2015,11-50,https://www.bangalorestartupmap.com/company/eyestem
Facets.cloud,saas,2021,11-50,https://www.bangalorestartupmap.com/company/facets-cloud
Factors.ai,ai,2020,,https://www.bangalorestartupmap.com/company/factors-ai
Fam,fintech,2019,51-200,https://www.bangalorestartupmap.com/company/fam
FamPay,fintech,2019,51-200,https://www.bangalorestartupmap.com/company/fampay
Fasal,deeptech,2018,,https://www.bangalorestartupmap.com/company/fasal
Felicity Games,1.,,,https://www.bangalorestartupmap.com/company/felicity-games
FermBox Bio,deeptech,,51-200,https://www.bangalorestartupmap.com/company/fermbox-bio
Ferra,consumer,,,https://www.bangalorestartupmap.com/company/ferra
Fi Money,fintech,2019,201-500,https://www.bangalorestartupmap.com/company/fi-money
Fibr AI,2.,,,https://www.bangalorestartupmap.com/company/fibr-ai
Filo,edtech,2020,,https://www.bangalorestartupmap.com/company/filo
FinBox,1.,2017,51-200,https://www.bangalorestartupmap.com/company/finbox
FinGurus,fintech,,,https://www.bangalorestartupmap.com/company/fingurus
Finmo,2.,2021,,https://www.bangalorestartupmap.com/company/finmo
Finzy,fintech,2016,,https://www.bangalorestartupmap.com/company/finzy
Fireside Ventures,s saas deeptech fintech ai consumer healthtech d2c edtech logistics gaming,,,https://www.bangalorestartupmap.com/company/fireside-ventures
Firstclub,consumer,2024,51-200,https://www.bangalorestartupmap.com/company/firstclub
Fisdom,fintech,2015,,https://www.bangalorestartupmap.com/company/fisdom
Fixxly,logistics,2025,11-50,https://www.bangalorestartupmap.com/company/fixxly
Flatheads,d2c,2018,1-10,https://www.bangalorestartupmap.com/company/flatheads
Flawskin,d2c,2024,,https://www.bangalorestartupmap.com/company/flawskin
Flent,consumer,,,https://www.bangalorestartupmap.com/company/flent
FlexiLoans,fintech,2016,201-500,https://www.bangalorestartupmap.com/company/flexiloans
Flipkart,consumer,2007,500+,https://www.bangalorestartupmap.com/company/flipkart
Flipkart Ventures,s.,,,https://www.bangalorestartupmap.com/company/flipkart-ventures
Flo Mobility,deeptech,,,https://www.bangalorestartupmap.com/company/flo-mobility
FloBiz,6.,2019,201-500,https://www.bangalorestartupmap.com/company/flobiz
Floworks,ai,2021,11-50,https://www.bangalorestartupmap.com/company/floworks
Flowtrix,other,2020,11-50,https://www.bangalorestartupmap.com/company/flowtrix
Flux Auto,deeptech,,51-200,https://www.bangalorestartupmap.com/company/flux-auto
FluxGen,deeptech,2019,51-200,https://www.bangalorestartupmap.com/company/fluxgen
Focaloid Technologies,2.,2012,51-200,https://www.bangalorestartupmap.com/company/focaloid-technologies
Fold Money,fintech,2021,11-50,https://www.bangalorestartupmap.com/company/fold-money
Fourth Frontier,healthtech,,,https://www.bangalorestartupmap.com/company/fourth-frontier
Fractal,ai,2000,500+,https://www.bangalorestartupmap.com/company/fractal
Frameo.ai,ai,,,https://www.bangalorestartupmap.com/company/frameo-ai
Freo,fintech,2015,201-500,https://www.bangalorestartupmap.com/company/freo
Fresh Bus,consumer,2019,,https://www.bangalorestartupmap.com/company/fresh-bus
FreshMenu,consumer,2014,201-500,https://www.bangalorestartupmap.com/company/freshmenu
FreshToHome,consumer,2015,500+,https://www.bangalorestartupmap.com/company/freshtohome
Freshworks,saas,2010,500+,https://www.bangalorestartupmap.com/company/freshworks
Frinks AI,deeptech,,,https://www.bangalorestartupmap.com/company/frinks-ai
FRND,consumer,2019,,https://www.bangalorestartupmap.com/company/frnd
FrontRow,edtech,2020,,https://www.bangalorestartupmap.com/company/frontrow
Frozen Bottle,d2c,2017,201-500,https://www.bangalorestartupmap.com/company/frozen-bottle
Furlenco,consumer,2012,201-500,https://www.bangalorestartupmap.com/company/furlenco
Fyle,saas,2016,51-200,https://www.bangalorestartupmap.com/company/fyle
Fyllo,deeptech,2019,,https://www.bangalorestartupmap.com/company/fyllo
Fyno,saas,2022,11-50,https://www.bangalorestartupmap.com/company/fyno
GalaxEye,deeptech,2021,51-200,https://www.bangalorestartupmap.com/company/galaxeye
GalaxEye Space,deeptech,by alumni of the avishkar hyperloop team.,51-200,https://www.bangalorestartupmap.com/company/galaxeye-space
Gameberry Labs,gaming,2017,51-200,https://www.bangalorestartupmap.com/company/gameberry-labs
Gameskraft,gaming,2017,,https://www.bangalorestartupmap.com/company/gameskraft
GameTheory,gaming,2019,201-500,https://www.bangalorestartupmap.com/company/gametheory
GaragePlug,saas,2017,11-50,https://www.bangalorestartupmap.com/company/garageplug
GE India Technology Centre,deeptech,,500+,https://www.bangalorestartupmap.com/company/ge-india-technology-centre
GeekyAnts,other,2006,201-500,https://www.bangalorestartupmap.com/company/geekyants
General Aeronautics,deeptech,2019,,https://www.bangalorestartupmap.com/company/general-aeronautics
General Autonomy,7.,by ex-sharechat co-founders. registered in hsr layout sector 7.,11-50,https://www.bangalorestartupmap.com/company/general-autonomy
General Catalyst India,s saas deeptech fintech ai consumer healthtech d2c edtech logistics gaming,,,https://www.bangalorestartupmap.com/company/general-catalyst-india
Genetic Nutrition,d2c,"by a former superbike racer, positioned on transparency and ingredient quality.",11-50,https://www.bangalorestartupmap.com/company/genetic-nutrition
GetMyParking,deeptech,2015,51-200,https://www.bangalorestartupmap.com/company/getmyparking
GharPayy,consumer,,,https://www.bangalorestartupmap.com/company/gharpayy
GIVA,d2c,,,https://www.bangalorestartupmap.com/company/giva
Glance,consumer,2019,,https://www.bangalorestartupmap.com/company/glance
GlobalFair,saas,2020,51-200,https://www.bangalorestartupmap.com/company/globalfair
Gnani.ai,ai,2016,51-200,https://www.bangalorestartupmap.com/company/gnani-ai
GOAT Brand Labs,2.,2021,201-500,https://www.bangalorestartupmap.com/company/goat-brand-labs
GoDesi,d2c,2019,,https://www.bangalorestartupmap.com/company/godesi
GoKiwi,fintech,,,https://www.bangalorestartupmap.com/company/gokiwi
Goldman Sachs Bengaluru,fintech,2004,500+,https://www.bangalorestartupmap.com/company/goldman-sachs-bengaluru
GoodWorker,other,2020,,https://www.bangalorestartupmap.com/company/goodworker
GoodWorkLabs,other,2013,51-200,https://www.bangalorestartupmap.com/company/goodworklabs
Google India,ai,,500+,https://www.bangalorestartupmap.com/company/google-india
GoSats,fintech,,,https://www.bangalorestartupmap.com/company/gosats
goSTOPS,consumer,2014,,https://www.bangalorestartupmap.com/company/gostops
GrabOnRent,consumer,2015,,https://www.bangalorestartupmap.com/company/grabonrent
Gramener,ai,2010,201-500,https://www.bangalorestartupmap.com/company/gramener
Great Learning,edtech,2013,,https://www.bangalorestartupmap.com/company/great-learning
Groww,fintech,and early-headquartered in hsr layout before moving to larger campuses; it went public in 2025.,500+,https://www.bangalorestartupmap.com/company/groww
Gruhas,s saas deeptech fintech ai consumer healthtech d2c edtech logistics gaming,"by nikhil kamath (zerodha) and abhijeet pai, investing in early- and growth-stage startups across proptech, cleantech/climate, media & entertainment and consumer.",,https://www.bangalorestartupmap.com/company/gruhas
Gullak,fintech,,,https://www.bangalorestartupmap.com/company/gullak
Gullynest,consumer,,,https://www.bangalorestartupmap.com/company/gullynest
Gupshup,saas,2004,500+,https://www.bangalorestartupmap.com/company/gupshup
Gushwork,ai,2023,51-200,https://www.bangalorestartupmap.com/company/gushwork
HackCulture,saas,,,https://www.bangalorestartupmap.com/company/hackculture
HackerEarth,saas,2012,201-500,https://www.bangalorestartupmap.com/company/hackerearth
HackerRank,saas,"in bengaluru (originally interviewstreet), it keeps major r&d in koramangala.",500+,https://www.bangalorestartupmap.com/company/hackerrank
HalfBoiled Studios,other,,,https://www.bangalorestartupmap.com/company/halfboiled-studios
Halodoc,healthtech,,,https://www.bangalorestartupmap.com/company/halodoc
Hansel.io,saas,2015,,https://www.bangalorestartupmap.com/company/hansel-io
Happiest Minds,saas,2011,500+,https://www.bangalorestartupmap.com/company/happiest-minds
Happilo,d2c,2016,201-500,https://www.bangalorestartupmap.com/company/happilo
Hashtaag,other,2013,,https://www.bangalorestartupmap.com/company/hashtaag
Hasura,saas,2017,201-500,https://www.bangalorestartupmap.com/company/hasura
Hawky,logistics,,1-10,https://www.bangalorestartupmap.com/company/hawky
Headout,consumer,2014,201-500,https://www.bangalorestartupmap.com/company/headout
HealthifyMe,healthtech,2012,500+,https://www.bangalorestartupmap.com/company/healthifyme
HealthPlix,healthtech,2014,201-500,https://www.bangalorestartupmap.com/company/healthplix
Hector Beverages,d2c,2009,500+,https://www.bangalorestartupmap.com/company/hector-beverages
Helium Homes,consumer,,11-50,https://www.bangalorestartupmap.com/company/helium-homes
Hevo Data,6.,2017,201-500,https://www.bangalorestartupmap.com/company/hevo-data
Hexagram Fintech,7; acquired by kfin technologies in 2022.,2020,51-200,https://www.bangalorestartupmap.com/company/hexagram-fintech
HeyHomie,saas,,,https://www.bangalorestartupmap.com/company/heyhomie
Hippocampus Learning Centres,edtech,2010,500+,https://www.bangalorestartupmap.com/company/hippocampus-learning-centres
Hirect,consumer,2020,51-200,https://www.bangalorestartupmap.com/company/hirect
Hold My Throttle,deeptech,,,https://www.bangalorestartupmap.com/company/hold-my-throttle
Holy Cow Productions,gaming,,,https://www.bangalorestartupmap.com/company/holy-cow-productions
HomeLane,consumer,2014,500+,https://www.bangalorestartupmap.com/company/homelane
Honeywell Aerospace India,deeptech,,500+,https://www.bangalorestartupmap.com/company/honeywell-aerospace-india
Honeywell Technology Solutions,deeptech,2002,500+,https://www.bangalorestartupmap.com/company/honeywell-technology-solutions
House of Rare,d2c,2015,500+,https://www.bangalorestartupmap.com/company/house-of-rare
HPE India,other,2015,500+,https://www.bangalorestartupmap.com/company/hpe-india
HummingWave,other,2013,51-200,https://www.bangalorestartupmap.com/company/hummingwave
HungerBox,1.,2016,500+,https://www.bangalorestartupmap.com/company/hungerbox
Huron Eurasia India,other,,500+,https://www.bangalorestartupmap.com/company/huron-eurasia-india
Hyperface,fintech,2021,51-200,https://www.bangalorestartupmap.com/company/hyperface
Hypergro,2.,2022,11-50,https://www.bangalorestartupmap.com/company/hypergro
HyperVerge,ai,2014,,https://www.bangalorestartupmap.com/company/hyperverge
i-exceed,fintech,2013,201-500,https://www.bangalorestartupmap.com/company/i-exceed
i47 Labs,deeptech,,,https://www.bangalorestartupmap.com/company/i47-labs
iD Fresh Food,d2c,"in 2005, id fresh food makes preservative-free packaged fresh foods including idli/dosa batter, parotas, curd and paneer. it is one of india's largest packaged fresh-food brands with a nationwide and international presence.",500+,https://www.bangalorestartupmap.com/company/id-fresh-food
ideaForge,deeptech,2007,500+,https://www.bangalorestartupmap.com/company/ideaforge
Ideaspring Capital,s saas deeptech fintech ai consumer healthtech d2c edtech logistics gaming,,,https://www.bangalorestartupmap.com/company/ideaspring-capital
Iden,saas,,,https://www.bangalorestartupmap.com/company/iden
Illumina India,healthtech,,201-500,https://www.bangalorestartupmap.com/company/illumina-india
ILS Imperia,edtech,,,https://www.bangalorestartupmap.com/company/ils-imperia
Immuneel Therapeutics,healthtech,by kiran mazumdar-shaw and siddhartha mukherjee developing affordable car-t cell and gene therapies for blood cancers.,51-200,https://www.bangalorestartupmap.com/company/immuneel-therapeutics
Impartus,edtech,2013,,https://www.bangalorestartupmap.com/company/impartus
Increff,6.,2016,201-500,https://www.bangalorestartupmap.com/company/increff
Incubate Fund Asia,agnostic with a growing deep-tech lean.,,,https://www.bangalorestartupmap.com/company/incubate-fund-asia
Indecimal Constructions,other,,,https://www.bangalorestartupmap.com/company/indecimal-constructions
India Quotient,s saas deeptech fintech ai consumer healthtech d2c edtech logistics gaming,,,https://www.bangalorestartupmap.com/company/india-quotient
IndiQube,consumer,,500+,https://www.bangalorestartupmap.com/company/indiqube
Indronovation Labs,deeptech,2022,1-10,https://www.bangalorestartupmap.com/company/indronovation-labs
Infineon Technologies India,deeptech,,500+,https://www.bangalorestartupmap.com/company/infineon-technologies-india
Infinity,fintech,2023,1-10,https://www.bangalorestartupmap.com/company/infinity
Infinity Learn,edtech,,,https://www.bangalorestartupmap.com/company/infinity-learn
Infosys,other,1981,500+,https://www.bangalorestartupmap.com/company/infosys
Infosys Innovation Fund,s saas deeptech fintech ai consumer healthtech d2c edtech logistics gaming,,,https://www.bangalorestartupmap.com/company/infosys-innovation-fund
Infra.Market,logistics,,500+,https://www.bangalorestartupmap.com/company/infra-market
Ingersoll Rand Technologies and Services,deeptech,,201-500,https://www.bangalorestartupmap.com/company/ingersoll-rand-technologies-and-services
Inito,healthtech,2015,51-200,https://www.bangalorestartupmap.com/company/inito
Inkers Technology,7.,2015,,https://www.bangalorestartupmap.com/company/inkers-technology
InMobi,ai,2007,500+,https://www.bangalorestartupmap.com/company/inmobi
Innovaccer,healthtech,2014,500+,https://www.bangalorestartupmap.com/company/innovaccer
Innoviti,fintech,,,https://www.bangalorestartupmap.com/company/innoviti
InPrime Finserv,fintech,2021,51-200,https://www.bangalorestartupmap.com/company/inprime-finserv
Instamojo,fintech,2012,201-500,https://www.bangalorestartupmap.com/company/instamojo
InsuranceDekho,fintech,2016,500+,https://www.bangalorestartupmap.com/company/insurancedekho
Intel India,deeptech,1999,500+,https://www.bangalorestartupmap.com/company/intel-india
Intello Labs,ai,2016,51-200,https://www.bangalorestartupmap.com/company/intello-labs
Interact AI,ai,,,https://www.bangalorestartupmap.com/company/interact-ai
Interview Kickstart,edtech,2014,201-500,https://www.bangalorestartupmap.com/company/interview-kickstart
Intugine Technologies,logistics,2013,,https://www.bangalorestartupmap.com/company/intugine-technologies
Intuit India,fintech,2005,500+,https://www.bangalorestartupmap.com/company/intuit-india
Invento Robotics,deeptech,2016,,https://www.bangalorestartupmap.com/company/invento-robotics
Ionage,6.,2021,,https://www.bangalorestartupmap.com/company/ionage
iQGateway,other,2011,51-200,https://www.bangalorestartupmap.com/company/iqgateway
IQnext,saas,,,https://www.bangalorestartupmap.com/company/iqnext
Iron Pillar,s saas deeptech fintech ai consumer healthtech d2c edtech logistics gaming,,,https://www.bangalorestartupmap.com/company/iron-pillar
Ivy Homes,other,,,https://www.bangalorestartupmap.com/company/ivy-homes
Janitri,healthtech,2017,51-200,https://www.bangalorestartupmap.com/company/janitri
Janitri Innovations,healthtech,2016,51-200,https://www.bangalorestartupmap.com/company/janitri-innovations
Jar,fintech,2021,201-500,https://www.bangalorestartupmap.com/company/jar
Jaro Education,"6, hsr layout, bengaluru, karnataka 560102.",2009,500+,https://www.bangalorestartupmap.com/company/jaro-education
Java Capital,s saas deeptech fintech ai consumer healthtech d2c edtech logistics gaming,"2020) investing across deeptech and climate tech, working with founders from mvp/idea stage to product-market fit.",,https://www.bangalorestartupmap.com/company/java-capital
Jhana,ai,2022,11-50,https://www.bangalorestartupmap.com/company/jhana
Jivabhumi,logistics,2015,11-50,https://www.bangalorestartupmap.com/company/jivabhumi
Jivox,ai,,201-500,https://www.bangalorestartupmap.com/company/jivox
Jodaro,7.,2022,,https://www.bangalorestartupmap.com/company/jodaro
Jodo,fintech,2020,51-200,https://www.bangalorestartupmap.com/company/jodo
JPMorgan Chase Bengaluru,fintech,,500+,https://www.bangalorestartupmap.com/company/jpmorgan-chase-bengaluru
Jubilant Biosys,healthtech,,500+,https://www.bangalorestartupmap.com/company/jubilant-biosys
Jumbo Homes,2.,2025,11-50,https://www.bangalorestartupmap.com/company/jumbo-homes
Jumbotail,logistics,2015,500+,https://www.bangalorestartupmap.com/company/jumbotail
Juntrax,saas,,,https://www.bangalorestartupmap.com/company/juntrax
Jupiter,fintech,2019,201-500,https://www.bangalorestartupmap.com/company/jupiter
Jurisphere,saas,2024,11-50,https://www.bangalorestartupmap.com/company/jurisphere
Juspay,fintech,2012,500+,https://www.bangalorestartupmap.com/company/juspay
kAIgentic,", with other knowledge-intensive industries to follow. headquartered in singapore, with bengaluru as its core r&d hub at brigade summit b, brigade metropolis, garudachar palya, mahadevapura.",2025,11-50,https://www.bangalorestartupmap.com/company/kaigentic
Kalaari Capital,s saas deeptech fintech ai consumer healthtech d2c edtech logistics gaming,"in 2006, investing primarily at seed and series a in tech-driven indian companies across consumer, saas, fintech, healthtech and deep tech. early backer of dream11, myntra and cure.fit.",,https://www.bangalorestartupmap.com/company/kalaari-capital
Kaleyra,saas,2012,201-500,https://www.bangalorestartupmap.com/company/kaleyra
Kalvium,edtech,2021,,https://www.bangalorestartupmap.com/company/kalvium
Kapiva,d2c,2016,201-500,https://www.bangalorestartupmap.com/company/kapiva
Kapture CX,saas,2014,,https://www.bangalorestartupmap.com/company/kapture-cx
Karbon Card,6.,2019,51-200,https://www.bangalorestartupmap.com/company/karbon-card
Kazam,saas,2020,,https://www.bangalorestartupmap.com/company/kazam
Keka,saas,2015,500+,https://www.bangalorestartupmap.com/company/keka
Kenko,healthtech,2019,51-200,https://www.bangalorestartupmap.com/company/kenko
Khan Saheb Foods,consumer,2015,11-50,https://www.bangalorestartupmap.com/company/khan-saheb-foods
Khatabook,fintech,2018,201-500,https://www.bangalorestartupmap.com/company/khatabook
Kinara Capital,fintech,2011,500+,https://www.bangalorestartupmap.com/company/kinara-capital
Kirana Club,7; acquired by meesho in 2026.,2021,51-200,https://www.bangalorestartupmap.com/company/kirana-club
Klub,fintech,2019,51-200,https://www.bangalorestartupmap.com/company/klub
Knit,saas,2019,11-50,https://www.bangalorestartupmap.com/company/knit
Kofluence,saas,2019,51-200,https://www.bangalorestartupmap.com/company/kofluence
Komplai,fintech,,,https://www.bangalorestartupmap.com/company/komplai
Koo,consumer,2020,,https://www.bangalorestartupmap.com/company/koo
Kouzina Food Tech,4.,2019,,https://www.bangalorestartupmap.com/company/kouzina-food-tech
Kredily,saas,2016,,https://www.bangalorestartupmap.com/company/kredily
KreditBee,fintech,2018,500+,https://www.bangalorestartupmap.com/company/kreditbee
KredX,fintech,2015,,https://www.bangalorestartupmap.com/company/kredx
Krutrim,ai,by ola's bhavish aggarwal; hq in koramangala.,51-200,https://www.bangalorestartupmap.com/company/krutrim
Kuku FM,6.,2018,201-500,https://www.bangalorestartupmap.com/company/kuku-fm
Kutumb,consumer,2019,,https://www.bangalorestartupmap.com/company/kutumb
Kuvera,fintech,2016,,https://www.bangalorestartupmap.com/company/kuvera
Labra,saas,2021,51-200,https://www.bangalorestartupmap.com/company/labra
Lam Research India,deeptech,,500+,https://www.bangalorestartupmap.com/company/lam-research-india
LatentForce,saas,2024,1-10,https://www.bangalorestartupmap.com/company/latentforce
LatentView Analytics,ai,2006,500+,https://www.bangalorestartupmap.com/company/latentview-analytics
Lavelle Networks,deeptech,2015,51-200,https://www.bangalorestartupmap.com/company/lavelle-networks
Lawberry,saas,2024,1-10,https://www.bangalorestartupmap.com/company/lawberry
LEAD School,edtech,2012,500+,https://www.bangalorestartupmap.com/company/lead-school
LeadSquared,6.,2011,500+,https://www.bangalorestartupmap.com/company/leadsquared
Leap,fintech,2019,500+,https://www.bangalorestartupmap.com/company/leap
Lendingkart,fintech,2014,500+,https://www.bangalorestartupmap.com/company/lendingkart
LetsEndorse,6.,,11-50,https://www.bangalorestartupmap.com/company/letsendorse
LetsVenture,s saas deeptech fintech ai consumer healthtech d2c edtech logistics gaming,,,https://www.bangalorestartupmap.com/company/letsventure
Leucine,"6 — community submission, location verified on google maps.",,,https://www.bangalorestartupmap.com/company/leucine
Licious,d2c,2015,500+,https://www.bangalorestartupmap.com/company/licious
LightFury Games,gaming,"by former unacademy cmo karan shroff, developing a cricket aaa game titled 'ecricket'.",11-50,https://www.bangalorestartupmap.com/company/lightfury-games
Lighthouse Canton,s saas deeptech fintech ai consumer healthtech d2c edtech logistics gaming,,,https://www.bangalorestartupmap.com/company/lighthouse-canton
Lightspeed India Partners,s saas deeptech fintech ai consumer healthtech d2c edtech logistics gaming,,,https://www.bangalorestartupmap.com/company/lightspeed-india-partners
LILA Games,gaming,"by veterans of major global gaming franchises. registered in binnamangala 1st stage, indiranagar.",51-200,https://www.bangalorestartupmap.com/company/lila-games
LinkedIn India,saas,2011,500+,https://www.bangalorestartupmap.com/company/linkedin-india
Linkrunner,saas,,,https://www.bangalorestartupmap.com/company/linkrunner
Lithium Urban Technologies,logistics,2014,,https://www.bangalorestartupmap.com/company/lithium-urban-technologies
Livspace,consumer,2014,500+,https://www.bangalorestartupmap.com/company/livspace
LKQ India,other,,51-200,https://www.bangalorestartupmap.com/company/lkq-india
LLMLab,ai,2025,1-10,https://www.bangalorestartupmap.com/company/llmlab
LoadShare Networks,logistics,2017,,https://www.bangalorestartupmap.com/company/loadshare-networks
Locale.ai,saas,2019,,https://www.bangalorestartupmap.com/company/locale-ai
LocalHost HQ,other,,,https://www.bangalorestartupmap.com/company/localhost-hq
Loco,gaming,2018,51-200,https://www.bangalorestartupmap.com/company/loco
Locus,logistics,2015,201-500,https://www.bangalorestartupmap.com/company/locus
Log9 Materials,deeptech,2015,201-500,https://www.bangalorestartupmap.com/company/log9-materials
Lokal,1.,2018,,https://www.bangalorestartupmap.com/company/lokal
Loop Health,healthtech,2018,,https://www.bangalorestartupmap.com/company/loop-health
Loopworm,deeptech,2019,,https://www.bangalorestartupmap.com/company/loopworm
Lowe's India,saas,2014,500+,https://www.bangalorestartupmap.com/company/lowe-s-india
Luckd,consumer,,,https://www.bangalorestartupmap.com/company/luckd
Lumio,d2c,,,https://www.bangalorestartupmap.com/company/lumio
Lyzr,ai,,,https://www.bangalorestartupmap.com/company/lyzr
Mad Over Buildings,other,2021,,https://www.bangalorestartupmap.com/company/mad-over-buildings
Mad Street Den,ai,2013,201-500,https://www.bangalorestartupmap.com/company/mad-street-den
Marvell India,deeptech,,500+,https://www.bangalorestartupmap.com/company/marvell-india
Masai School,edtech,2019,51-200,https://www.bangalorestartupmap.com/company/masai-school
Master Traders Academy,edtech,,,https://www.bangalorestartupmap.com/company/master-traders-academy
Material Depot,6.,2021,11-50,https://www.bangalorestartupmap.com/company/material-depot
Matiks,gaming,2024,1-10,https://www.bangalorestartupmap.com/company/matiks
Matters,4.,2022,11-50,https://www.bangalorestartupmap.com/company/matters
Mave Health,healthtech,2023,11-50,https://www.bangalorestartupmap.com/company/mave-health
Maxim AI,ai,2023,11-50,https://www.bangalorestartupmap.com/company/maxim-ai
Maximem AI,ai,2025,,https://www.bangalorestartupmap.com/company/maximem-ai
Mayhem Studios,gaming,2022,51-200,https://www.bangalorestartupmap.com/company/mayhem-studios
Medfin,healthtech,2017,,https://www.bangalorestartupmap.com/company/medfin
MedGenome,healthtech,2013,500+,https://www.bangalorestartupmap.com/company/medgenome
Medi Assist,healthtech,2000,500+,https://www.bangalorestartupmap.com/company/medi-assist
Medial,consumer,2023,,https://www.bangalorestartupmap.com/company/medial
MediaTek India,deeptech,,500+,https://www.bangalorestartupmap.com/company/mediatek-india
MediBuddy,healthtech,2015,500+,https://www.bangalorestartupmap.com/company/medibuddy
MedPay,healthtech,2020,11-50,https://www.bangalorestartupmap.com/company/medpay
MedTel Healthcare,healthtech,2016,11-50,https://www.bangalorestartupmap.com/company/medtel-healthcare
Meesho,consumer,2015,500+,https://www.bangalorestartupmap.com/company/meesho
Mela Ventures,s saas deeptech fintech ai consumer healthtech d2c edtech logistics gaming,"by mindtree co-founders kk natarajan and parthasarathy ns, investing in b2b startups across enterprise technology, deeptech and climate tech.",,https://www.bangalorestartupmap.com/company/mela-ventures
Melorra,d2c,2015,201-500,https://www.bangalorestartupmap.com/company/melorra
Menler,edtech,,,https://www.bangalorestartupmap.com/company/menler
Mensa Brands,d2c,2021,500+,https://www.bangalorestartupmap.com/company/mensa-brands
Menterra Venture Advisors,s saas deeptech fintech ai consumer healthtech d2c edtech logistics gaming,,,https://www.bangalorestartupmap.com/company/menterra-venture-advisors
Mercari India,consumer,2022,500+,https://www.bangalorestartupmap.com/company/mercari-india
Mercedes-Benz R&D India,deeptech,,500+,https://www.bangalorestartupmap.com/company/mercedes-benz-r-d-india
Mercedes-Benz Research & Development India,deeptech,1996,500+,https://www.bangalorestartupmap.com/company/mercedes-benz-research-and-development-india
Mercer Mettl,saas,2010,500+,https://www.bangalorestartupmap.com/company/mercer-mettl
Mesa School of Business,edtech,2023,,https://www.bangalorestartupmap.com/company/mesa-school-of-business
MeshDefend,ai,,,https://www.bangalorestartupmap.com/company/meshdefend
Metaforms AI,ai,,,https://www.bangalorestartupmap.com/company/metaforms-ai
Mezink,saas,,,https://www.bangalorestartupmap.com/company/mezink
mfine,healthtech,2017,201-500,https://www.bangalorestartupmap.com/company/mfine
Micelio Fund,s saas deeptech fintech ai consumer healthtech d2c edtech logistics gaming,,,https://www.bangalorestartupmap.com/company/micelio-fund
Micron Technology India,deeptech,,500+,https://www.bangalorestartupmap.com/company/micron-technology-india
Microsoft India Development Center,saas,,500+,https://www.bangalorestartupmap.com/company/microsoft-india-development-center
Mili,ai,,,https://www.bangalorestartupmap.com/company/mili
Mimyk,healthtech,2016,,https://www.bangalorestartupmap.com/company/mimyk
Moat School,edtech,2021,,https://www.bangalorestartupmap.com/company/moat-school
MobFixer,consumer,,,https://www.bangalorestartupmap.com/company/mobfixer
Mobile Premier League,7 office.,2018,500+,https://www.bangalorestartupmap.com/company/mobile-premier-league
Mobiux Labs,saas,,,https://www.bangalorestartupmap.com/company/mobiux-labs
MoEngage,saas,2014,500+,https://www.bangalorestartupmap.com/company/moengage
Moglix,logistics,,500+,https://www.bangalorestartupmap.com/company/moglix
Mokobara,d2c,2020,51-200,https://www.bangalorestartupmap.com/company/mokobara
Molbio Diagnostics,healthtech,2000,500+,https://www.bangalorestartupmap.com/company/molbio-diagnostics
MoneyTap,fintech,2015,201-500,https://www.bangalorestartupmap.com/company/moneytap
Monks of Method,d2c,2021,1-10,https://www.bangalorestartupmap.com/company/monks-of-method
Moonfrog Labs,gaming,"in 2013 by former zynga developers, it builds casual and social games for the indian market.",51-200,https://www.bangalorestartupmap.com/company/moonfrog-labs
Moonrider,deeptech,2023,11-50,https://www.bangalorestartupmap.com/company/moonrider
MoveInSync,logistics,2009,201-500,https://www.bangalorestartupmap.com/company/moveinsync
Mowito,deeptech,2024,11-50,https://www.bangalorestartupmap.com/company/mowito
Moxo,saas,2012,51-200,https://www.bangalorestartupmap.com/company/moxo
Mphasis,other,,500+,https://www.bangalorestartupmap.com/company/mphasis
Mu Sigma,ai,2004,500+,https://www.bangalorestartupmap.com/company/mu-sigma
Mudrex,fintech,,,https://www.bangalorestartupmap.com/company/mudrex
Multibhashi,edtech,2016,11-50,https://www.bangalorestartupmap.com/company/multibhashi
Multipl,fintech,,,https://www.bangalorestartupmap.com/company/multipl
Multiply Ventures,s saas deeptech fintech ai consumer healthtech d2c edtech logistics gaming,,,https://www.bangalorestartupmap.com/company/multiply-ventures
Myelin Foundry,ai,2019,11-50,https://www.bangalorestartupmap.com/company/myelin-foundry
MyFi,fintech,2023,11-50,https://www.bangalorestartupmap.com/company/myfi
MyGate,7.,2016,201-500,https://www.bangalorestartupmap.com/company/mygate
Myntra,consumer,2007,500+,https://www.bangalorestartupmap.com/company/myntra
Mystree,healthtech,,,https://www.bangalorestartupmap.com/company/mystree
Nadathur Holdings & Investments,s saas deeptech fintech ai consumer healthtech d2c edtech logistics gaming,,,https://www.bangalorestartupmap.com/company/nadathur-holdings-investments
Nanonets,ai,2017,51-200,https://www.bangalorestartupmap.com/company/nanonets
Napses Technologies,2.,2017,51-200,https://www.bangalorestartupmap.com/company/napses-technologies
Navi,fintech,by flipkart co-founder sachin bansal. hq in koramangala.,500+,https://www.bangalorestartupmap.com/company/navi
Naviget,logistics,,,https://www.bangalorestartupmap.com/company/naviget
Nemocare,healthtech,2017,,https://www.bangalorestartupmap.com/company/nemocare
Neokred,fintech,,51-200,https://www.bangalorestartupmap.com/company/neokred
Neon Fund,s saas deeptech fintech ai consumer healthtech d2c edtech logistics gaming,,,https://www.bangalorestartupmap.com/company/neon-fund
NeoStats,ai,,,https://www.bangalorestartupmap.com/company/neostats
Nestaway,", hsr layout, bengaluru, karnataka 560102.",2015,201-500,https://www.bangalorestartupmap.com/company/nestaway
NestAway Technologies,consumer,2015,,https://www.bangalorestartupmap.com/company/nestaway-technologies
Netradyne,deeptech,2015,500+,https://www.bangalorestartupmap.com/company/netradyne
NeuralGarage,deeptech,2021,11-50,https://www.bangalorestartupmap.com/company/neuralgarage
NeuralKart,ai,,1-10,https://www.bangalorestartupmap.com/company/neuralkart
Neuralway Technologies,ai,,,https://www.bangalorestartupmap.com/company/neuralway-technologies
Neuranics Lab,healthtech,2021,11-50,https://www.bangalorestartupmap.com/company/neuranics-lab
NEWME,7.,2022,201-500,https://www.bangalorestartupmap.com/company/newme
NewSpace Research,deeptech,2017,201-500,https://www.bangalorestartupmap.com/company/newspace-research
Newton School,edtech,2019,201-500,https://www.bangalorestartupmap.com/company/newton-school
Newtrace,deeptech,2020,,https://www.bangalorestartupmap.com/company/newtrace
Nexus Venture Partners,s saas deeptech fintech ai consumer healthtech d2c edtech logistics gaming,,,https://www.bangalorestartupmap.com/company/nexus-venture-partners
Nexvora Innovations,edtech,,,https://www.bangalorestartupmap.com/company/nexvora-innovations
NimbleBox.ai,ai,2018,11-50,https://www.bangalorestartupmap.com/company/nimblebox-ai
Ninjacart,logistics,2015,500+,https://www.bangalorestartupmap.com/company/ninjacart
Ninth Dimension IT Solutions,saas,,,https://www.bangalorestartupmap.com/company/ninth-dimension-it-solutions
Niqo Robotics,deeptech,2016,,https://www.bangalorestartupmap.com/company/niqo-robotics
Niramai,healthtech,2016,51-200,https://www.bangalorestartupmap.com/company/niramai
Niyo,fintech,2015,500+,https://www.bangalorestartupmap.com/company/niyo
NoBroker,consumer,2014,500+,https://www.bangalorestartupmap.com/company/nobroker
Northern Arc Capital,s saas deeptech fintech ai consumer healthtech d2c edtech logistics gaming,,,https://www.bangalorestartupmap.com/company/northern-arc-capital
Nova Benefits,healthtech,2020,51-200,https://www.bangalorestartupmap.com/company/nova-benefits
Novo Nordisk India,healthtech,,500+,https://www.bangalorestartupmap.com/company/novo-nordisk-india
Novopay,fintech,2014,51-200,https://www.bangalorestartupmap.com/company/novopay
Nuclei,fintech,2017,,https://www.bangalorestartupmap.com/company/nuclei
Numen Health,healthtech,2021,,https://www.bangalorestartupmap.com/company/numen-health
Nunam,deeptech,2019,11-50,https://www.bangalorestartupmap.com/company/nunam
Nurix AI,ai,by myntra and cult.fit founder mukesh bansal.,,https://www.bangalorestartupmap.com/company/nurix-ai
Nutanix India,saas,2013,500+,https://www.bangalorestartupmap.com/company/nutanix-india
NVIDIA India,deeptech,,500+,https://www.bangalorestartupmap.com/company/nvidia-india
NXP Semiconductors India,deeptech,,500+,https://www.bangalorestartupmap.com/company/nxp-semiconductors-india
O4H (Order For Health),consumer,,11-50,https://www.bangalorestartupmap.com/company/o4h-order-for-health
OakNorth India,fintech,,201-500,https://www.bangalorestartupmap.com/company/oaknorth-india
Oben Electric,2.,2020,,https://www.bangalorestartupmap.com/company/oben-electric
Obopay,fintech,2005,51-200,https://www.bangalorestartupmap.com/company/obopay
Observe.ai,ai,2017,201-500,https://www.bangalorestartupmap.com/company/observeai
Offlyn,consumer,,,https://www.bangalorestartupmap.com/company/offlyn
Okay Done Media,other,,,https://www.bangalorestartupmap.com/company/okay-done-media
OkCredit,fintech,2017,51-200,https://www.bangalorestartupmap.com/company/okcredit
Ola,logistics,2010,500+,https://www.bangalorestartupmap.com/company/ola
Ola Electric,consumer,2017,500+,https://www.bangalorestartupmap.com/company/ola-electric
OLake,1.,2022,11-50,https://www.bangalorestartupmap.com/company/olake
Omnivore,s saas deeptech fintech ai consumer healthtech d2c edtech logistics gaming,,,https://www.bangalorestartupmap.com/company/omnivore
OnArrival,saas,2022,11-50,https://www.bangalorestartupmap.com/company/onarrival
Onco,7; acquired by apollo hospitals in 2024.,2016,51-200,https://www.bangalorestartupmap.com/company/onco
OnFinance AI,www.onfinance.ai,2023,11-50,https://www.bangalorestartupmap.com/company/onfinance-ai
ONO,other,2021,11-50,https://www.bangalorestartupmap.com/company/ono
Onsurity,healthtech,2020,201-500,https://www.bangalorestartupmap.com/company/onsurity
Oolka,fintech,2024,11-50,https://www.bangalorestartupmap.com/company/oolka
Open Financial,fintech,2017,201-500,https://www.bangalorestartupmap.com/company/open-financial
Oracle India,saas,1993,500+,https://www.bangalorestartupmap.com/company/oracle-india
Orange Health Labs,healthtech,"by former practo executives, it operates across major indian metros.",201-500,https://www.bangalorestartupmap.com/company/orange-health-labs
Origamis AI,6.,2024,11-50,https://www.bangalorestartupmap.com/company/origamis-ai
Ossus Biorenewables,deeptech,2016,11-50,https://www.bangalorestartupmap.com/company/ossus-biorenewables
OutFlo AI,saas,,,https://www.bangalorestartupmap.com/company/outflo-ai
Ownpath,other,,,https://www.bangalorestartupmap.com/company/ownpath
Pandorum Technologies,healthtech,2011.,,https://www.bangalorestartupmap.com/company/pandorum-technologies
Panoculon Labs,deeptech,2023,11-50,https://www.bangalorestartupmap.com/company/panoculon-labs
Parspec,ai,2021,51-200,https://www.bangalorestartupmap.com/company/parspec
PayCrunch,fintech,2020,11-50,https://www.bangalorestartupmap.com/company/paycrunch
PayPal India,fintech,,500+,https://www.bangalorestartupmap.com/company/paypal-india
Pazcare,fintech,2020,,https://www.bangalorestartupmap.com/company/pazcare
Peak XV Partners,s saas deeptech fintech ai consumer healthtech d2c edtech logistics gaming,,,https://www.bangalorestartupmap.com/company/peak-xv-partners
Pendios Technologies,saas,2001,11-50,https://www.bangalorestartupmap.com/company/pendios-technologies
Pentavalent Bio Sciences,healthtech,2015.,,https://www.bangalorestartupmap.com/company/pentavalent-bio-sciences
Peoplebox,1.,2018,11-50,https://www.bangalorestartupmap.com/company/peoplebox
Peoplecom Technologies,other,,,https://www.bangalorestartupmap.com/company/peoplecom-technologies
PeopleStrong,saas,2005,500+,https://www.bangalorestartupmap.com/company/peoplestrong
Perfios,fintech,2008,500+,https://www.bangalorestartupmap.com/company/perfios
Perpule,6; acquired by amazon in 2021.,2016,51-200,https://www.bangalorestartupmap.com/company/perpule
Philips Innovation Campus Bangalore,healthtech,1996,500+,https://www.bangalorestartupmap.com/company/philips-innovation-campus-bangalore
PhonePe,fintech,2015,500+,https://www.bangalorestartupmap.com/company/phonepe
Physera AI,ai,,,https://www.bangalorestartupmap.com/company/physera-ai
PhysicsWallah,", hsr layout, bengaluru, karnataka 560102.",2020,500+,https://www.bangalorestartupmap.com/company/physicswallah
pi Ventures,s saas deeptech fintech ai consumer healthtech d2c edtech logistics gaming,,,https://www.bangalorestartupmap.com/company/pi-ventures
Pibit.ai,fintech,,,https://www.bangalorestartupmap.com/company/pibit-ai
Pickcel,saas,2014,11-50,https://www.bangalorestartupmap.com/company/pickcel
Pinegap,ai,2024,11-50,https://www.bangalorestartupmap.com/company/pinegap
Pipeshift,ai,2024,1-10,https://www.bangalorestartupmap.com/company/pipeshift
Pitstop,logistics,2015,51-200,https://www.bangalorestartupmap.com/company/pitstop
Pixis,6.,2018,500+,https://www.bangalorestartupmap.com/company/pixis
Pixxel,deeptech,2019,201-500,https://www.bangalorestartupmap.com/company/pixxel
PlayShifu,edtech,2016,51-200,https://www.bangalorestartupmap.com/company/playshifu
PlaySimple Games,gaming,2014,201-500,https://www.bangalorestartupmap.com/company/playsimple-games
Plum,fintech,2019,201-500,https://www.bangalorestartupmap.com/company/plum
Pocket FM,consumer,2018,500+,https://www.bangalorestartupmap.com/company/pocket-fm
PointOne Capital,agnostic; has backed 70+ companies since 2021.,,,https://www.bangalorestartupmap.com/company/pointone-capital
Portea Medical,healthtech,2013,500+,https://www.bangalorestartupmap.com/company/portea-medical
Porter,logistics,"by three iit graduates in bengaluru, it is a logistics unicorn.",500+,https://www.bangalorestartupmap.com/company/porter
Portkey AI,4.,2023,11-50,https://www.bangalorestartupmap.com/company/portkey-ai
Postman,saas,in india; india office in bengaluru.,500+,https://www.bangalorestartupmap.com/company/postman
Powerplay,1.,2020,201-500,https://www.bangalorestartupmap.com/company/powerplay
Practo,healthtech,2008,500+,https://www.bangalorestartupmap.com/company/practo
PRAD Initiatives,healthtech,,,https://www.bangalorestartupmap.com/company/prad-initiatives
Pratilipi,consumer,2015,201-500,https://www.bangalorestartupmap.com/company/pratilipi
Pratt & Whitney India,deeptech,,500+,https://www.bangalorestartupmap.com/company/pratt-whitney-india
Pravaig Dynamics,deeptech,2018,,https://www.bangalorestartupmap.com/company/pravaig-dynamics
Pre6,"6 — community submission, location verified on google maps.",,,https://www.bangalorestartupmap.com/company/pre6
Predible Health,healthtech,2016,11-50,https://www.bangalorestartupmap.com/company/predible-health
Premji Invest,s saas deeptech fintech ai consumer healthtech d2c edtech logistics gaming,,,https://www.bangalorestartupmap.com/company/premji-invest
Prime Venture Partners,agnostic venture capital www.primevp.in,,,https://www.bangalorestartupmap.com/company/prime-venture-partners
Primetrace,ai,,,https://www.bangalorestartupmap.com/company/primetrace
Prismforce,4.,2021,51-200,https://www.bangalorestartupmap.com/company/prismforce
Proactive For Her,1.,2020,51-200,https://www.bangalorestartupmap.com/company/proactive-for-her
Probe42,saas,,51-200,https://www.bangalorestartupmap.com/company/probe42
Pronto,consumer,2024,51-200,https://www.bangalorestartupmap.com/company/pronto
Propsoch,other,2022,11-50,https://www.bangalorestartupmap.com/company/propsoch
PthinkS,saas,,,https://www.bangalorestartupmap.com/company/pthinks
Pulse Energy,"6 — community submission, location verified on google maps.",,,https://www.bangalorestartupmap.com/company/pulse-energy
Purple Block,1.,2022,11-50,https://www.bangalorestartupmap.com/company/purple-block
QNu Labs,deeptech,2016,51-200,https://www.bangalorestartupmap.com/company/qnu-labs
QpiAI,deeptech,2019,51-200,https://www.bangalorestartupmap.com/company/qpiai
Qualcomm India,deeptech,,500+,https://www.bangalorestartupmap.com/company/qualcomm-india
Qualcomm Ventures,s saas deeptech fintech ai consumer healthtech d2c edtech logistics gaming,,,https://www.bangalorestartupmap.com/company/qualcomm-ventures
Quash,saas,,,https://www.bangalorestartupmap.com/company/quash
Quick Ride,consumer,2015,51-200,https://www.bangalorestartupmap.com/company/quick-ride
QuiD,fintech,2023,11-50,https://www.bangalorestartupmap.com/company/quid
quso.ai,ai,,,https://www.bangalorestartupmap.com/company/quso-ai
RagaAI,ai,2022,11-50,https://www.bangalorestartupmap.com/company/ragaai
Rainmatter Capital,s saas deeptech fintech ai consumer healthtech d2c edtech logistics gaming,,,https://www.bangalorestartupmap.com/company/rainmatter-capital
Rakuten India,saas,,500+,https://www.bangalorestartupmap.com/company/rakuten-india
Rambus Chip Technologies India,deeptech,2004,201-500,https://www.bangalorestartupmap.com/company/rambus-chip-technologies-india
Rapido,logistics,2015,500+,https://www.bangalorestartupmap.com/company/rapido
Razorpay,fintech,2014,500+,https://www.bangalorestartupmap.com/company/razorpay
Rebright Partners,s saas deeptech fintech ai consumer healthtech d2c edtech logistics gaming,,,https://www.bangalorestartupmap.com/company/rebright-partners
Recko,fintech,2017,51-200,https://www.bangalorestartupmap.com/company/recko
Reckonsys,other,,,https://www.bangalorestartupmap.com/company/reckonsys
Recruit41,saas,,,https://www.bangalorestartupmap.com/company/recruit41
Recur Club,fintech,,51-200,https://www.bangalorestartupmap.com/company/recur-club
Recykal,saas,2016,201-500,https://www.bangalorestartupmap.com/company/recykal
Redwing Labs,deeptech,2016,,https://www.bangalorestartupmap.com/company/redwing-labs
Refyne,1.,2020,51-200,https://www.bangalorestartupmap.com/company/refyne
Renesas India,deeptech,,500+,https://www.bangalorestartupmap.com/company/renesas-india
RentoMojo,consumer,2014,201-500,https://www.bangalorestartupmap.com/company/rentomojo
Repello AI,"4 — community submission, location verified on google maps.",,,https://www.bangalorestartupmap.com/company/repello-ai
Rephrase.ai,ai,2019,,https://www.bangalorestartupmap.com/company/rephrase-ai
Responsr,saas,,,https://www.bangalorestartupmap.com/company/responsr
Respyr,healthtech,,,https://www.bangalorestartupmap.com/company/respyr
Reticket,consumer,,,https://www.bangalorestartupmap.com/company/reticket
Revspot,ai,,,https://www.bangalorestartupmap.com/company/revspot
Rightfit,saas,2021,1-10,https://www.bangalorestartupmap.com/company/rightfit
Rigi,"3, bengaluru.",2021,,https://www.bangalorestartupmap.com/company/rigi
Ringg AI,ai,2023,11-50,https://www.bangalorestartupmap.com/company/ringg-ai
Rippling,saas,2016,500+,https://www.bangalorestartupmap.com/company/rippling
Ripplr,6.,2019,201-500,https://www.bangalorestartupmap.com/company/ripplr
Riskcovry,fintech,2018,51-200,https://www.bangalorestartupmap.com/company/riskcovry
River,consumer,2021,201-500,https://www.bangalorestartupmap.com/company/river
River Mobility,deeptech,2019,201-500,https://www.bangalorestartupmap.com/company/river-mobility
RoaDo,logistics,,,https://www.bangalorestartupmap.com/company/roado
Rocketium,7.,2015,11-50,https://www.bangalorestartupmap.com/company/rocketium
Rolls-Royce India,deeptech,,500+,https://www.bangalorestartupmap.com/company/rolls-royce-india
RootFi,saas,2022,11-50,https://www.bangalorestartupmap.com/company/rootfi
RTP Global,"1 alongside its london, new york and dubai bases.",,,https://www.bangalorestartupmap.com/company/rtp-global
Runamarga,fintech,,,https://www.bangalorestartupmap.com/company/runamarga
Rupeek,fintech,2015,500+,https://www.bangalorestartupmap.com/company/rupeek
Rupifi,fintech,2020,51-200,https://www.bangalorestartupmap.com/company/rupifi
Saahas Zero Waste,other,2013,201-500,https://www.bangalorestartupmap.com/company/saahas-zero-waste
Saama Capital,s saas deeptech fintech ai consumer healthtech d2c edtech logistics gaming,,,https://www.bangalorestartupmap.com/company/saama-capital
Sabre India,saas,,500+,https://www.bangalorestartupmap.com/company/sabre-india
Safran India,deeptech,,500+,https://www.bangalorestartupmap.com/company/safran-india
Sahaj Software,saas,2020,201-500,https://www.bangalorestartupmap.com/company/sahaj-software
Sahi,fintech,by ex-swiggy cto dale vaz.,11-50,https://www.bangalorestartupmap.com/company/sahi
Salesforce India,saas,,500+,https://www.bangalorestartupmap.com/company/salesforce-india
Salesken,ai,2018,51-200,https://www.bangalorestartupmap.com/company/salesken
Samkhya,ai,2019,1-10,https://www.bangalorestartupmap.com/company/samkhya
Samosa Party,d2c,2017,,https://www.bangalorestartupmap.com/company/samosa-party
Samsung R&D Institute India,deeptech,,500+,https://www.bangalorestartupmap.com/company/samsung-r-d-institute-india
Samsung R&D Institute India-Bangalore,deeptech,1996,500+,https://www.bangalorestartupmap.com/company/samsung-r-and-d-institute-india-bangalore
SAP Labs India,saas,1998,500+,https://www.bangalorestartupmap.com/company/sap-labs-india
Sarvam AI,ai,2023,51-200,https://www.bangalorestartupmap.com/company/sarvam-ai
SatSure,deeptech,by former isro scientists.,51-200,https://www.bangalorestartupmap.com/company/satsure
Saviynt India,saas,,500+,https://www.bangalorestartupmap.com/company/saviynt-india
Scalekit,saas,,,https://www.bangalorestartupmap.com/company/scalekit
Scaler,edtech,2019,500+,https://www.bangalorestartupmap.com/company/scaler
Scapia,fintech,,,https://www.bangalorestartupmap.com/company/scapia
Schneider Electric India,deeptech,,500+,https://www.bangalorestartupmap.com/company/schneider-electric-india
Scripbox,fintech,2012,201-500,https://www.bangalorestartupmap.com/company/scripbox
Sea6 Energy,deeptech,2010,51-200,https://www.bangalorestartupmap.com/company/sea6-energy
Seafund,s saas deeptech fintech ai consumer healthtech d2c edtech logistics gaming,,,https://www.bangalorestartupmap.com/company/seafund
Seasaw AI,fintech,2024,1-10,https://www.bangalorestartupmap.com/company/seasaw-ai
SECUREU,deeptech,2022,1-10,https://www.bangalorestartupmap.com/company/secureu
SeedlingLabs,ai,,,https://www.bangalorestartupmap.com/company/seedlinglabs
Seedolabs,saas,2016,11-50,https://www.bangalorestartupmap.com/company/seedolabs
Seekho,edtech,2020,51-200,https://www.bangalorestartupmap.com/company/seekho
Segmind,ai,2020,11-50,https://www.bangalorestartupmap.com/company/segmind
SellerGeni,3.,2019,51-200,https://www.bangalorestartupmap.com/company/sellergeni
Sensa Robotics,fintech,2020,1-10,https://www.bangalorestartupmap.com/company/sensa-robotics
Sensara,ai,2014,11-50,https://www.bangalorestartupmap.com/company/sensara
Senseforth.ai,ai,2017,,https://www.bangalorestartupmap.com/company/senseforth-ai
Settl.,consumer,2019,,https://www.bangalorestartupmap.com/company/settl
Setu,fintech,2018,51-200,https://www.bangalorestartupmap.com/company/setu
Shadowfax,logistics,2015,500+,https://www.bangalorestartupmap.com/company/shadowfax
ShareChat,consumer,2015,500+,https://www.bangalorestartupmap.com/company/sharechat
Shelfpay,fintech,2022,1-10,https://www.bangalorestartupmap.com/company/shelfpay
Shell India Markets,other,,500+,https://www.bangalorestartupmap.com/company/shell-india-markets
Sheshi,fintech,,,https://www.bangalorestartupmap.com/company/sheshi
ShieldSquare,saas,2014,,https://www.bangalorestartupmap.com/company/shieldsquare
Shipsy,"2, hsr layout, bengaluru, karnataka 560102.",2015,201-500,https://www.bangalorestartupmap.com/company/shipsy
Shipthis,logistics,,,https://www.bangalorestartupmap.com/company/shipthis
Shoffr,logistics,2022,11-50,https://www.bangalorestartupmap.com/company/shoffr
Shoplabs.ai,ai,,,https://www.bangalorestartupmap.com/company/shoplabs-ai
ShopOS,ai,,,https://www.bangalorestartupmap.com/company/shopos
Siemens India (Bengaluru tech centre),deeptech,2000,500+,https://www.bangalorestartupmap.com/company/siemens-india-bengaluru-tech-centre
Siemens Technology India,deeptech,,500+,https://www.bangalorestartupmap.com/company/siemens-technology-india
Sigmato,healthtech,2016,,https://www.bangalorestartupmap.com/company/sigmato
SigNoz,saas,2020,11-50,https://www.bangalorestartupmap.com/company/signoz
Signzy,fintech,2015,201-500,https://www.bangalorestartupmap.com/company/signzy
SigTuple,healthtech,2015,51-200,https://www.bangalorestartupmap.com/company/sigtuple
SiliConch Systems,deeptech,2015; acquired by l&t in 2024.,51-200,https://www.bangalorestartupmap.com/company/siliconch-systems
Silverneedle Ventures,s saas deeptech fintech ai consumer healthtech d2c edtech logistics gaming,"2022) investing across b2b saas, deeptech, sustainability, d2c and consumer internet.",,https://www.bangalorestartupmap.com/company/silverneedle-ventures
Simpl,fintech,2015,201-500,https://www.bangalorestartupmap.com/company/simpl
Simple Energy,consumer,2019,201-500,https://www.bangalorestartupmap.com/company/simple-energy
Simplilearn,2.,2010,500+,https://www.bangalorestartupmap.com/company/simplilearn
Simplismart,ai,2022,11-50,https://www.bangalorestartupmap.com/company/simplismart
Simplotel,1.,2013,51-200,https://www.bangalorestartupmap.com/company/simplotel
Skit.ai,ai,2016,51-200,https://www.bangalorestartupmap.com/company/skit-ai
Skydo,fintech,2022,51-200,https://www.bangalorestartupmap.com/company/skydo
Skye Air,logistics,2019,51-200,https://www.bangalorestartupmap.com/company/skye-air
Skylark Drones,6.,2015,51-200,https://www.bangalorestartupmap.com/company/skylark-drones
Slang Labs,ai,2017,11-50,https://www.bangalorestartupmap.com/company/slang-labs
SLAY Coffee,d2c,2018,51-200,https://www.bangalorestartupmap.com/company/slay-coffee
SleekSky,saas,,,https://www.bangalorestartupmap.com/company/sleeksky
Sleepyhead,d2c,2017,,https://www.bangalorestartupmap.com/company/sleepyhead
Slice,fintech,2015,500+,https://www.bangalorestartupmap.com/company/slice
Slikk,2 (founders ex-perpule).,2024,51-200,https://www.bangalorestartupmap.com/company/slikk
Slintel,1.,2016,51-200,https://www.bangalorestartupmap.com/company/slintel
Small World Games,gaming,,,https://www.bangalorestartupmap.com/company/small-world-games
smallcase,fintech,2015,201-500,https://www.bangalorestartupmap.com/company/smallcase
Smartstaff,saas,2019,,https://www.bangalorestartupmap.com/company/smartstaff
Snactivate,d2c,2022,1-10,https://www.bangalorestartupmap.com/company/snactivate
Snitch,d2c,2020,201-500,https://www.bangalorestartupmap.com/company/snitch
Solid Financial Technologies,fintech,2020,11-50,https://www.bangalorestartupmap.com/company/solid-financial-technologies
Something's Brewing,d2c,2020,11-50,https://www.bangalorestartupmap.com/company/something-s-brewing
Sonata Software,other,,500+,https://www.bangalorestartupmap.com/company/sonata-software
SP Robotic Works,edtech,2012,201-500,https://www.bangalorestartupmap.com/company/sp-robotic-works
SpaceFields,deeptech,2021,11-50,https://www.bangalorestartupmap.com/company/spacefields
Sparrow Capital,"agnostic with a lean toward saas, b2b and fintech.",,,https://www.bangalorestartupmap.com/company/sparrow-capital
Speciale Invest,s saas deeptech fintech ai consumer healthtech d2c edtech logistics gaming,"2017) backing hardware and software founders solving large problems in space, energy, climate, ai, robotics, semiconductors and life sciences.",,https://www.bangalorestartupmap.com/company/speciale-invest
Spense,fintech,2024,11-50,https://www.bangalorestartupmap.com/company/spense
Spill Games,gaming,2024,,https://www.bangalorestartupmap.com/company/spill-games
SpotDraft,saas,legal-tech saas offering an ai-driven contract lifecycle management platform for enterprise legal teams.,201-500,https://www.bangalorestartupmap.com/company/spotdraft
Springworks,saas,2016,51-200,https://www.bangalorestartupmap.com/company/springworks
Sprinto,saas,2020,201-500,https://www.bangalorestartupmap.com/company/sprinto
Srishti Software,healthtech,,,https://www.bangalorestartupmap.com/company/srishti-software
Stable Money,fintech,2022,,https://www.bangalorestartupmap.com/company/stable-money
Stellapps,logistics,2011,201-500,https://www.bangalorestartupmap.com/company/stellapps
Stellaris Venture Partners,s saas deeptech fintech ai consumer healthtech d2c edtech logistics gaming,"by ex-helion partners, investing from idea stage through series a across ai, software/saas, consumer tech, fintech, brands and sustainability.",,https://www.bangalorestartupmap.com/company/stellaris-venture-partners
StepChange,saas,,,https://www.bangalorestartupmap.com/company/stepchange
STMicroelectronics India,deeptech,,500+,https://www.bangalorestartupmap.com/company/stmicroelectronics-india
Strand Life Sciences,healthtech,2000,201-500,https://www.bangalorestartupmap.com/company/strand-life-sciences
Strata,other,2019,51-200,https://www.bangalorestartupmap.com/company/strata
Stride Ventures,s saas deeptech fintech ai consumer healthtech d2c edtech logistics gaming,"2018) providing debt financing to institutionally-backed, growth-stage startups across india, the gcc and southeast asia. backer of zepto, bira and spinny.",,https://www.bangalorestartupmap.com/company/stride-ventures
String Bio,deeptech,2012,,https://www.bangalorestartupmap.com/company/string-bio
Studio Sirah,gaming,2017,,https://www.bangalorestartupmap.com/company/studio-sirah
Subex,saas,,500+,https://www.bangalorestartupmap.com/company/subex
Sugar.fit,3.,2021,,https://www.bangalorestartupmap.com/company/sugar-fit
Sukino Healthcare,"3, bangalore.",2015,201-500,https://www.bangalorestartupmap.com/company/sukino-healthcare
SUN Mobility,deeptech,2017,201-500,https://www.bangalorestartupmap.com/company/sun-mobility
Superfone,saas,,,https://www.bangalorestartupmap.com/company/superfone
Superhealth,healthtech,,,https://www.bangalorestartupmap.com/company/superhealth
Superjoin,fintech,2023,11-50,https://www.bangalorestartupmap.com/company/superjoin
Supernova,edtech,2021,,https://www.bangalorestartupmap.com/company/supernova
SuperOps,saas,2020,201-500,https://www.bangalorestartupmap.com/company/superops
Superset,saas,,,https://www.bangalorestartupmap.com/company/superset
Supertails,d2c,2021,201-500,https://www.bangalorestartupmap.com/company/supertails
Swiggy,consumer,and long headquartered in koramangala.,500+,https://www.bangalorestartupmap.com/company/swiggy
Swish,consumer,2024,,https://www.bangalorestartupmap.com/company/swish
SwitchOn,2.,2020,,https://www.bangalorestartupmap.com/company/switchon
Syngene International,healthtech,,500+,https://www.bangalorestartupmap.com/company/syngene-international
Synopsys India,deeptech,,500+,https://www.bangalorestartupmap.com/company/synopsys-india
Syntellite Innovations,saas,,,https://www.bangalorestartupmap.com/company/syntellite-innovations
Systemantics,deeptech,2015,11-50,https://www.bangalorestartupmap.com/company/systemantics
Table Space,consumer,,500+,https://www.bangalorestartupmap.com/company/table-space
TailorTalk,ai,2024,1-10,https://www.bangalorestartupmap.com/company/tailortalk
tal by Grapevine,consumer,,,https://www.bangalorestartupmap.com/company/tal-by-grapevine
Talview,ai,2013,,https://www.bangalorestartupmap.com/company/talview
Target in India,saas,2005,500+,https://www.bangalorestartupmap.com/company/target-in-india
Target India,saas,,500+,https://www.bangalorestartupmap.com/company/target-india
Tata Consultancy Services (Whitefield),other,,500+,https://www.bangalorestartupmap.com/company/tata-consultancy-services-whitefield
TDV Partners,s saas deeptech fintech ai consumer healthtech d2c edtech logistics gaming,,,https://www.bangalorestartupmap.com/company/tdv-partners
Teachmint,edtech,2020,201-500,https://www.bangalorestartupmap.com/company/teachmint
Techfino,fintech,2019,51-200,https://www.bangalorestartupmap.com/company/techfino
TechWLS Solutions,edtech,"in 2021 running live-monitored online full-stack development bootcamps and tech training courses, from an office on 13th cross road in indiranagar 2nd stage.",,https://www.bangalorestartupmap.com/company/techwls-solutions
Tecplix Technologies,5.,2019,,https://www.bangalorestartupmap.com/company/tecplix-technologies
Tejas Networks,deeptech,,500+,https://www.bangalorestartupmap.com/company/tejas-networks
Tell M,saas,,,https://www.bangalorestartupmap.com/company/tell-m
TellTide,saas,,,https://www.bangalorestartupmap.com/company/telltide
Temenos India,fintech,,500+,https://www.bangalorestartupmap.com/company/temenos-india
Temploymentz,saas,,,https://www.bangalorestartupmap.com/company/temploymentz
TerraTern,consumer,,,https://www.bangalorestartupmap.com/company/terratern
Tesco Bengaluru,other,2004,500+,https://www.bangalorestartupmap.com/company/tesco-bengaluru
Tessell,saas,2021,201-500,https://www.bangalorestartupmap.com/company/tessell
Testsigma,saas,,,https://www.bangalorestartupmap.com/company/testsigma
Texas Instruments India,deeptech,1985,500+,https://www.bangalorestartupmap.com/company/texas-instruments-india
Thales India,deeptech,,500+,https://www.bangalorestartupmap.com/company/thales-india
The Indian Garage Co,d2c,2012,201-500,https://www.bangalorestartupmap.com/company/the-indian-garage-co
The Ken,other,2016,51-200,https://www.bangalorestartupmap.com/company/the-ken
The Product Highway,other,,,https://www.bangalorestartupmap.com/company/the-product-highway
The Purple Turtles,consumer,2009,51-200,https://www.bangalorestartupmap.com/company/the-purple-turtles
The Retail Insights,saas,,,https://www.bangalorestartupmap.com/company/the-retail-insights
The Wedding Company,consumer,,,https://www.bangalorestartupmap.com/company/the-wedding-company
Thermo Fisher India,healthtech,,500+,https://www.bangalorestartupmap.com/company/thermo-fisher-india
Thinkerbell Labs,edtech,,,https://www.bangalorestartupmap.com/company/thinkerbell-labs
Third Wave Coffee,consumer,2016,201-500,https://www.bangalorestartupmap.com/company/third-wave-coffee
TimBuckDo,other,2022,,https://www.bangalorestartupmap.com/company/timbuckdo
Tinkerbee Innovations,deeptech,,,https://www.bangalorestartupmap.com/company/tinkerbee-innovations
Toddle,edtech,2019,201-500,https://www.bangalorestartupmap.com/company/toddle
Together Fund,s saas deeptech fintech ai consumer healthtech d2c edtech logistics gaming,"by former saas founders (incl. freshworks' girish mathrubootham), backing ai-native and saas startups across the us–india corridor.",,https://www.bangalorestartupmap.com/company/together-fund
Toit,consumer,2005,201-500,https://www.bangalorestartupmap.com/company/toit
Tonbo Imaging,deeptech,2012,201-500,https://www.bangalorestartupmap.com/company/tonbo-imaging
ToneTag,fintech,2013,51-200,https://www.bangalorestartupmap.com/company/tonetag
TopDoc,healthtech,,,https://www.bangalorestartupmap.com/company/topdoc
Toplyne,saas,2021,,https://www.bangalorestartupmap.com/company/toplyne
Tracxn,6.,2013,201-500,https://www.bangalorestartupmap.com/company/tracxn
Transition VC,s saas deeptech fintech ai consumer healthtech d2c edtech logistics gaming,,,https://www.bangalorestartupmap.com/company/transition-vc
Translab Technologies,translab.io,2015,,https://www.bangalorestartupmap.com/company/translab-technologies
Tricog,healthtech,2014,201-500,https://www.bangalorestartupmap.com/company/tricog
Tricog Health,healthtech,2014,51-200,https://www.bangalorestartupmap.com/company/tricog-health
Trifecta Capital,s saas deeptech fintech ai consumer healthtech d2c edtech logistics gaming,2015.,,https://www.bangalorestartupmap.com/company/trifecta-capital
Trinkerr,fintech,,51-200,https://www.bangalorestartupmap.com/company/trinkerr
Troak,gaming,2023,1-10,https://www.bangalorestartupmap.com/company/troak
TrueFoundry,ai,2021,51-200,https://www.bangalorestartupmap.com/company/truefoundry
Trupeer,ai,2024,11-50,https://www.bangalorestartupmap.com/company/trupeer
Turbostart,s saas deeptech fintech ai consumer healthtech d2c edtech logistics gaming,,,https://www.bangalorestartupmap.com/company/turbostart
Turno,logistics,2022,,https://www.bangalorestartupmap.com/company/turno
Turtlemint,fintech,2015,500+,https://www.bangalorestartupmap.com/company/turtlemint
Uber Bengaluru,logistics,2016,500+,https://www.bangalorestartupmap.com/company/uber-bengaluru
Uber India,consumer,,500+,https://www.bangalorestartupmap.com/company/uber-india
Ubona Technologies,3.,2007,51-200,https://www.bangalorestartupmap.com/company/ubona-technologies
Udaan,logistics,"by ex-flipkart leaders, it became one of india's fastest unicorns and anchored hsr layout's 'unicorn street'.",500+,https://www.bangalorestartupmap.com/company/udaan
Ultrahuman,2 until relocating within bangalore in may 2025.,and headquartered in hsr layout sector 2 until relocating within bangalore in may 2025.,201-500,https://www.bangalorestartupmap.com/company/ultrahuman
Ultraviolette,deeptech,2016,201-500,https://www.bangalorestartupmap.com/company/ultraviolette
Ultraviolette Automotive,deeptech,2016,201-500,https://www.bangalorestartupmap.com/company/ultraviolette-automotive
Unacademy,edtech,2015,500+,https://www.bangalorestartupmap.com/company/unacademy
Unbox Robotics,deeptech,,51-200,https://www.bangalorestartupmap.com/company/unbox-robotics
Unbxd,saas,2011,,https://www.bangalorestartupmap.com/company/unbxd
Uni Cards,fintech,2020,201-500,https://www.bangalorestartupmap.com/company/uni-cards
Unibic Foods,consumer,2004,500+,https://www.bangalorestartupmap.com/company/unibic-foods
Uniphore,ai,2008,500+,https://www.bangalorestartupmap.com/company/uniphore
UNMANND Autonomy,deeptech,,,https://www.bangalorestartupmap.com/company/unmannd-autonomy
Unrack,d2c,,,https://www.bangalorestartupmap.com/company/unrack
Unscript AI,1.,2021,,https://www.bangalorestartupmap.com/company/unscript-ai
Upekkha,1,,,https://www.bangalorestartupmap.com/company/upekkha
Upsurge Labs,deeptech,,,https://www.bangalorestartupmap.com/company/upsurge-labs
Uravu Labs,deeptech,2019,11-50,https://www.bangalorestartupmap.com/company/uravu-labs
Urban Company,consumer,,,https://www.bangalorestartupmap.com/company/urban-company
Vaani Research Labs,ai,2023,11-50,https://www.bangalorestartupmap.com/company/vaani-research-labs
Vahak,logistics,2019,51-200,https://www.bangalorestartupmap.com/company/vahak
Vahan,"6, hsr layout, bengaluru, karnataka 560102.",2016,51-200,https://www.bangalorestartupmap.com/company/vahan
Vahan.ai,ai,2016,,https://www.bangalorestartupmap.com/company/vahan-ai
Vecmocon,deeptech,2016,51-200,https://www.bangalorestartupmap.com/company/vecmocon
VECROS,deeptech,,,https://www.bangalorestartupmap.com/company/vecros
Vedantu,3.,2011,500+,https://www.bangalorestartupmap.com/company/vedantu
Vegrow,4.,2020,,https://www.bangalorestartupmap.com/company/vegrow
Velocity,1.,2020,11-50,https://www.bangalorestartupmap.com/company/velocity
Ventureast,s saas deeptech fintech ai consumer healthtech d2c edtech logistics gaming,,,https://www.bangalorestartupmap.com/company/ventureast
Verak,fintech,2020,11-50,https://www.bangalorestartupmap.com/company/verak
Veritatis,other,,,https://www.bangalorestartupmap.com/company/veritatis
Verloop.io,ai,2016,51-200,https://www.bangalorestartupmap.com/company/verloop-io
Vidrow,other,,,https://www.bangalorestartupmap.com/company/vidrow
vidyo.ai,ai,2022,11-50,https://www.bangalorestartupmap.com/company/vidyo-ai
Vidyut,2.,2021,,https://www.bangalorestartupmap.com/company/vidyut
Virgio,d2c,by an ex-myntra ceo.,,https://www.bangalorestartupmap.com/company/virgio
Visa India,fintech,,500+,https://www.bangalorestartupmap.com/company/visa-india
VMware India,saas,,500+,https://www.bangalorestartupmap.com/company/vmware-india
Vobiz,deeptech,2025,1-10,https://www.bangalorestartupmap.com/company/vobiz
Vocily,ai,,,https://www.bangalorestartupmap.com/company/vocily
Vodex,ai,2022,11-50,https://www.bangalorestartupmap.com/company/vodex
Vogo,logistics,2016,51-200,https://www.bangalorestartupmap.com/company/vogo
Volt Money,fintech,2022,11-50,https://www.bangalorestartupmap.com/company/volt-money
Vontier,other,,,https://www.bangalorestartupmap.com/company/vontier
VuNet Systems,saas,,,https://www.bangalorestartupmap.com/company/vunet-systems
Vutto,consumer,2024,51-200,https://www.bangalorestartupmap.com/company/vutto
Vxceed,". its lighthouse platform helps global brands like unilever, coca-cola and l'oréal optimize distribution and field-sales execution. hq in hal 2nd stage, indiranagar.",2008,201-500,https://www.bangalorestartupmap.com/company/vxceed
Vyapar,saas,2016,201-500,https://www.bangalorestartupmap.com/company/vyapar
Vymo,saas,2013,201-500,https://www.bangalorestartupmap.com/company/vymo
Wakefit,d2c,2016,500+,https://www.bangalorestartupmap.com/company/wakefit
Walmart Global Tech India,consumer,,500+,https://www.bangalorestartupmap.com/company/walmart-global-tech-india
Walrus,2.,2019,11-50,https://www.bangalorestartupmap.com/company/walrus
WaterBridge Ventures,s saas deeptech fintech ai consumer healthtech d2c edtech logistics gaming,,,https://www.bangalorestartupmap.com/company/waterbridge-ventures
WayCool,logistics,2015,500+,https://www.bangalorestartupmap.com/company/waycool
Wealthy,"2, hsr layout, bengaluru, karnataka 560102.",,201-500,https://www.bangalorestartupmap.com/company/wealthy
WebLight IT Solutions,,,,https://www.bangalorestartupmap.com/company/weblight-it-solutions
Wells Fargo India,fintech,2006,500+,https://www.bangalorestartupmap.com/company/wells-fargo-india
WestBridge Capital,s saas deeptech fintech ai consumer healthtech d2c edtech logistics gaming,,,https://www.bangalorestartupmap.com/company/westbridge-capital
Western Digital India,deeptech,,500+,https://www.bangalorestartupmap.com/company/western-digital-india
Whatfix,saas,2014,500+,https://www.bangalorestartupmap.com/company/whatfix
WhatsLoan,fintech,2015,11-50,https://www.bangalorestartupmap.com/company/whatsloan
WheelsEye,logistics,2017,500+,https://www.bangalorestartupmap.com/company/wheelseye
Wildcraft,d2c,1998,500+,https://www.bangalorestartupmap.com/company/wildcraft
Wingman,saas,2018,11-50,https://www.bangalorestartupmap.com/company/wingman
Wint Wealth,fintech,2020,,https://www.bangalorestartupmap.com/company/wint-wealth
Winuall,edtech,2020,,https://www.bangalorestartupmap.com/company/winuall
Wippi,consumer,2024,1-10,https://www.bangalorestartupmap.com/company/wippi
Wipro,other,1945,500+,https://www.bangalorestartupmap.com/company/wipro
Witworks,deeptech,2014,,https://www.bangalorestartupmap.com/company/witworks
WizCommerce,saas,2020,51-200,https://www.bangalorestartupmap.com/company/wizcommerce
Wolken Software,saas,,,https://www.bangalorestartupmap.com/company/wolken-software
Wooqer,saas,2014,51-200,https://www.bangalorestartupmap.com/company/wooqer
WorkIndia,saas,2015,,https://www.bangalorestartupmap.com/company/workindia
Worli Dairy,d2c,,,https://www.bangalorestartupmap.com/company/worli-dairy
Wow Labz,other,2012,51-200,https://www.bangalorestartupmap.com/company/wow-labz
Wow Skin Science,d2c,2016,201-500,https://www.bangalorestartupmap.com/company/wow-skin-science
Wysa,healthtech,2015,51-200,https://www.bangalorestartupmap.com/company/wysa
Xflow,fintech,2021,,https://www.bangalorestartupmap.com/company/xflow
Xpheno,other,2017,500+,https://www.bangalorestartupmap.com/company/xpheno
Xplorwing,2.,,,https://www.bangalorestartupmap.com/company/xplorwing
xTerra Robotics,deeptech,,,https://www.bangalorestartupmap.com/company/xterra-robotics
Yali Capital,s saas deeptech fintech ai consumer healthtech d2c edtech logistics gaming,,,https://www.bangalorestartupmap.com/company/yali-capital
Yellow Bloom,d2c,,,https://www.bangalorestartupmap.com/company/yellow-bloom
Yellow.ai,ai,2016,500+,https://www.bangalorestartupmap.com/company/yellow-ai
Yoga Bar,d2c,2015,201-500,https://www.bangalorestartupmap.com/company/yoga-bar
yourDOST,healthtech,2014,51-200,https://www.bangalorestartupmap.com/company/yourdost
YourStory,other,2008,51-200,https://www.bangalorestartupmap.com/company/yourstory
Yubi,fintech,2020,500+,https://www.bangalorestartupmap.com/company/yubi
Yulu,consumer,2017,201-500,https://www.bangalorestartupmap.com/company/yulu
Z47,s saas deeptech fintech ai consumer healthtech d2c edtech logistics gaming,,,https://www.bangalorestartupmap.com/company/z47
Zappfresh,d2c,,201-500,https://www.bangalorestartupmap.com/company/zappfresh
Zappr,consumer,,,https://www.bangalorestartupmap.com/company/zappr
Zeno,7.,,,https://www.bangalorestartupmap.com/company/zeno
Zenskar,saas,2022,11-50,https://www.bangalorestartupmap.com/company/zenskar
Zeotap,saas,2014,,https://www.bangalorestartupmap.com/company/zeotap
Zepto,consumer,2021,500+,https://www.bangalorestartupmap.com/company/zepto
Zerodha,fintech,2010,500+,https://www.bangalorestartupmap.com/company/zerodha
ZET,"6 — community submission, location verified on google maps.",,,https://www.bangalorestartupmap.com/company/zet
Zeta,fintech,"by serial entrepreneur bhavin turakhia, it became a unicorn after a 2021 softbank-led round.",500+,https://www.bangalorestartupmap.com/company/zeta
Zetwerk,other,2018,500+,https://www.bangalorestartupmap.com/company/zetwerk
Zimyo,saas,2018,201-500,https://www.bangalorestartupmap.com/company/zimyo
Zinier,saas,2015,201-500,https://www.bangalorestartupmap.com/company/zinier
Zippserv,other,2015,1-10,https://www.bangalorestartupmap.com/company/zippserv
Zipydo,ai,,,https://www.bangalorestartupmap.com/company/zipydo
Zivame,d2c,"by richa kar; majority stake acquired by reliance retail in 2020. office off 80 feet road, indiranagar.",,https://www.bangalorestartupmap.com/company/zivame
Zluri,saas,2020,201-500,https://www.bangalorestartupmap.com/company/zluri
Zoko,saas,2020,11-50,https://www.bangalorestartupmap.com/company/zoko
Zolo,"3, hsr layout, bengaluru, karnataka 560102.",2015,500+,https://www.bangalorestartupmap.com/company/zolo
Zolostays,3.,2015,201-500,https://www.bangalorestartupmap.com/company/zolostays
Zolve,fintech,2020,201-500,https://www.bangalorestartupmap.com/company/zolve
Zomentum,saas,2018,51-200,https://www.bangalorestartupmap.com/company/zomentum
Zoomcar,consumer,2013,201-500,https://www.bangalorestartupmap.com/company/zoomcar
Zopper,fintech,2011,201-500,https://www.bangalorestartupmap.com/company/zopper
ZopSmart,2.,2014,201-500,https://www.bangalorestartupmap.com/company/zopsmart
Zumutor Biologics,deeptech,2013,11-50,https://www.bangalorestartupmap.com/company/zumutor-biologics
Zyoin,other,2010,201-500,https://www.bangalorestartupmap.com/company/zyoin
10Club,d2c,2021,11-50,https://www.bangalorestartupmap.com/company/10club
3one4 Capital,s saas deeptech fintech ai consumer healthtech d2c edtech logistics gaming,"by pranav and siddarth pai, backing seed and series a startups across fintech, saas/enterprise, consumer, health, media and deep tech. backer of licious, darwinbox and jupiter.",,https://www.bangalorestartupmap.com/company/3one4-capital
56 Secure,ai,2020,51-200,https://www.bangalorestartupmap.com/company/56-secure
5C Network,healthtech,2016,51-200,https://www.bangalorestartupmap.com/company/5c-network
73 Strings,fintech,,,https://www.bangalorestartupmap.com/company/73-strings
